bateria,bluetooth,clock,dual_sim,camara_frontal,4G,memoria_interna,peso,nucleos,pc,altura_pixeles,ancho_pixeles,RAM,rango_precio
842,0,2.2,0,1,0,7,188,2,2,20,756,2549,1
1021,1,0.5,1,0,1,53,136,3,6,905,1988,2631,2
563,1,0.5,1,2,1,41,145,5,6,1263,1716,2603,2
615,1,2.5,0,0,0,10,131,6,9,1216,1786,2769,2
1821,1,1.2,0,13,1,44,141,2,14,1208,1212,1411,1
1859,0,0.5,1,3,0,22,164,1,7,1004,1654,1067,1
1821,0,1.7,0,4,1,10,139,8,10,381,1018,3220,3
1954,0,0.5,1,0,0,24,187,4,0,512,1149,700,0
1445,1,0.5,0,0,0,53,174,7,14,386,836,1099,0
509,1,0.6,1,2,1,9,93,5,15,1137,1224,513,0
769,1,2.9,1,0,0,9,182,5,1,248,874,3946,3
1520,1,2.2,0,5,1,33,177,8,18,151,1005,3826,3
1815,0,2.8,0,2,0,33,159,4,17,607,748,1482,1
803,1,2.1,0,7,0,17,198,4,11,344,1440,2680,2
1866,0,0.5,0,13,1,52,185,1,17,356,563,373,0
775,0,1,0,3,0,46,159,2,16,862,1864,568,0
838,0,0.5,0,1,1,13,196,8,4,984,1850,3554,3
595,0,0.9,1,7,1,23,121,3,17,441,810,3752,3
1131,1,0.5,1,11,0,49,101,5,18,658,878,1835,1
682,1,0.5,0,4,0,19,121,4,11,902,1064,2337,1
772,0,1.1,1,12,0,39,81,7,14,1314,1854,2819,3
1709,1,2.1,0,1,0,13,156,2,2,974,1385,3283,3
1949,0,2.6,1,4,0,47,199,4,7,407,822,1433,1
1602,1,2.8,1,4,1,38,114,3,20,466,788,1037,0
503,0,1.2,1,5,1,8,111,3,13,201,1245,2583,1
961,1,1.4,1,0,1,57,114,8,3,291,1434,2782,2
519,1,1.6,1,7,1,51,132,4,19,550,645,3763,3
956,0,0.5,0,1,1,41,143,7,6,511,1075,3286,3
1453,0,1.6,1,12,1,52,96,2,18,187,1311,2373,2
851,0,0.5,0,3,0,21,200,5,7,1171,1263,478,0
1579,1,0.5,1,0,0,5,88,7,9,1358,1739,3532,3
1568,1,0.5,0,16,0,33,150,8,20,413,654,508,0
1319,1,0.9,0,3,1,41,107,1,18,85,1152,2227,1
1310,1,2.2,1,0,1,51,100,4,0,178,1919,3845,3
644,1,2.7,0,0,0,22,157,8,3,311,881,1262,0
725,0,1.3,1,16,0,60,160,8,17,1134,1249,1326,1
589,1,2.3,1,1,0,61,160,4,10,429,815,2113,1
1725,1,1.6,1,6,1,6,119,2,18,609,1307,3429,3
790,0,2,1,16,1,11,87,6,17,347,730,3169,2
560,0,0.5,1,15,0,50,159,2,20,1448,1613,2150,2
1347,0,2.9,0,5,0,44,132,1,14,434,967,2484,2
1646,1,2.3,0,8,1,41,185,2,10,1725,1932,3339,3
1253,1,0.5,1,5,1,5,152,2,19,685,714,1878,1
1656,0,1,0,5,1,34,166,3,7,880,1456,1629,1
1195,1,2.8,0,1,1,20,110,2,14,1580,1652,504,0
1514,0,2.9,0,0,0,27,118,3,1,186,1810,1152,1
1723,1,1.1,1,1,0,42,164,8,14,202,1791,3587,3
1054,1,1.8,1,3,1,40,196,7,10,27,774,2296,1
578,1,2.6,1,2,1,57,162,8,8,1025,1433,1270,0
596,0,2.1,1,9,0,64,111,8,15,885,1854,3238,3
1547,1,3,1,2,1,14,198,3,19,1042,1832,2059,2
1760,0,1.4,1,5,0,63,127,8,19,1382,1383,2053,2
1654,1,1.5,1,0,1,43,109,2,0,546,629,3112,3
1457,0,1.9,1,1,1,16,102,3,10,1013,1287,1440,1
1073,1,0.5,1,0,0,51,145,7,0,690,804,2908,2
1936,0,2.1,1,10,1,46,104,3,20,667,1036,2552,2
823,1,2.7,1,13,0,60,148,8,19,822,1449,905,0
987,0,1.3,1,0,1,61,107,3,9,581,820,3963,3
1757,0,0.5,0,8,0,49,180,6,14,265,713,2056,1
1063,0,1.4,1,2,1,48,128,5,4,127,683,2910,2
1484,0,3,0,3,0,12,134,3,5,916,969,1457,1
799,1,2.3,0,1,1,63,144,8,6,361,975,431,0
1156,1,1.2,1,0,1,50,159,2,0,322,547,470,0
1720,0,2,0,15,1,55,168,2,18,753,1353,2148,2
702,0,2.6,1,2,1,9,141,3,3,504,1570,2955,2
616,0,1.9,1,13,1,44,81,3,17,651,1618,3366,3
1358,1,0.5,0,11,1,36,155,4,14,1565,1858,3068,3
1866,0,1.4,0,0,0,30,182,3,0,108,1781,3834,3
1242,0,1.1,1,0,0,10,165,2,1,459,1225,1050,0
1166,0,1.5,1,0,1,43,80,4,1,205,603,3993,3
1448,1,0.5,1,6,1,45,138,7,11,570,1724,3378,3
1407,1,2.4,0,1,1,22,104,4,4,1172,1217,2192,2
605,0,1,0,8,1,9,142,3,16,160,1026,392,0
1038,0,1.2,0,3,0,43,141,1,5,4,638,3709,3
797,1,2.9,1,4,0,38,90,4,6,763,1413,590,0
819,0,0.6,1,8,1,42,188,6,20,339,1242,1814,1
1114,0,2.8,0,4,1,9,197,3,15,1040,1071,907,0
1234,1,1.6,1,1,0,33,172,1,3,166,778,1449,0
1199,1,2.5,1,15,1,16,116,4,20,1168,1552,3448,3
1103,0,1,1,6,0,29,111,6,8,990,1486,1837,1
1589,1,0.6,1,0,1,58,85,7,7,319,1206,3464,3
999,0,2.9,1,11,1,64,199,4,19,1397,1616,2593,2
1510,1,0.9,1,2,0,45,180,5,3,708,1752,3484,3
1008,0,0.8,0,11,0,61,114,3,15,1077,1122,2009,1
1127,1,2.9,1,5,1,57,163,1,13,928,1049,2048,1
1412,1,2.4,0,5,0,25,96,8,17,516,1894,837,1
1496,1,2,1,4,0,42,182,5,5,96,741,854,0
1083,1,2.9,1,1,1,64,178,3,11,1025,1118,3210,3
668,0,0.5,1,0,0,3,155,5,13,666,1203,2746,2
1309,0,1.1,1,0,0,33,100,4,14,557,1402,2334,2
1724,0,2,1,2,1,57,177,3,5,1605,1924,2822,3
1977,1,2,1,7,1,54,171,7,18,1226,1242,1971,2
885,0,2.3,1,0,1,15,103,7,0,769,802,1410,0
879,1,2.5,0,11,1,14,83,6,15,403,1105,349,0
1322,0,1.7,1,6,0,7,140,3,9,177,1990,1418,1
1137,1,1,0,18,0,7,196,3,19,942,1179,3616,3
1355,0,2.3,0,10,1,23,132,5,16,651,891,880,0
1665,1,0.5,0,3,1,60,194,6,18,1572,1684,1601,2
657,0,2.5,0,0,0,37,141,2,1,476,961,1412,0
593,0,0.5,0,6,0,31,156,7,7,1233,1317,1692,1
1883,1,0.5,0,3,1,10,146,6,13,836,1739,2600,3
1732,1,1.1,0,4,1,12,119,8,9,824,881,1308,1
543,0,0.5,0,0,0,57,192,5,4,391,984,2413,1
1939,1,2.8,1,0,1,55,199,4,10,320,520,1047,0
553,0,2.4,1,1,1,8,121,7,3,325,902,1204,0
832,0,0.7,1,2,1,39,103,4,3,125,1504,1799,1
1661,0,1.9,1,5,0,23,172,5,10,846,1634,2676,3
1657,1,2.4,0,3,0,42,198,5,16,1770,1796,2597,3
1135,1,2,1,0,0,46,83,1,4,293,1846,3029,3
1775,1,1.5,0,3,0,41,163,1,7,1633,1869,2343,3
783,0,1.8,1,0,1,43,106,3,4,1198,1471,2016,1
617,1,2.3,0,0,0,32,199,7,20,768,874,2213,1
867,0,1.4,1,0,1,4,135,6,1,70,1974,790,0
1310,1,1.1,1,13,0,7,194,5,14,117,513,3182,2
1804,0,0.5,0,9,1,22,153,7,19,1158,1244,3472,3
1900,1,2.3,0,1,1,18,89,7,9,1055,1661,2871,3
909,1,1.4,0,0,0,53,82,8,0,635,973,3187,2
1084,1,2.6,0,3,1,40,107,3,11,322,771,1945,1
1308,0,1.3,1,8,0,46,199,1,12,275,989,488,0
1778,0,0.5,0,0,0,15,102,3,0,1445,1954,1214,1
1701,1,1.6,1,3,0,10,194,8,7,550,1338,2598,2
772,1,2.4,1,1,1,10,80,4,2,1242,1712,3242,3
825,1,0.5,1,7,0,52,130,3,10,597,863,3534,3
1379,0,1.1,0,5,1,36,200,2,7,538,1376,3426,3
1166,0,2,0,3,1,25,198,5,4,59,1203,2488,2
1659,0,2.8,0,5,0,16,89,1,20,819,902,3255,3
826,1,2.4,1,0,1,58,88,4,1,179,786,2863,2
1564,0,2.3,0,4,1,25,189,6,17,1259,1965,1496,1
1957,0,0.9,1,11,0,31,181,3,16,396,1732,3801,3
1571,0,1.4,0,0,1,19,100,6,1,713,1398,666,0
1414,0,2,1,2,0,54,99,7,3,262,829,3799,3
1790,0,2.5,1,9,0,2,184,1,14,622,792,1366,1
645,0,0.5,0,1,0,41,197,7,10,327,580,2962,2
668,0,2.9,1,7,0,30,195,8,12,522,1056,2399,1
1652,1,1.1,1,1,0,36,89,4,5,313,1264,2338,2
1213,1,0.5,0,0,0,16,108,5,0,226,1248,2700,2
1272,1,2.5,1,0,0,22,133,6,8,605,669,2235,1
866,0,0.5,1,5,1,46,179,8,7,692,1686,3825,3
536,0,2.4,1,12,1,3,182,7,14,1386,1539,284,0
523,0,2.6,1,1,0,14,155,8,2,304,1042,1427,0
1753,0,0.5,1,0,1,31,134,1,18,1590,1926,1324,2
1218,0,1.8,1,1,1,14,147,3,4,229,616,398,0
1537,1,2.5,0,4,1,43,137,1,5,839,1131,3685,3
786,0,2.2,1,0,0,33,141,7,6,507,1697,2390,2
1678,0,2.1,0,3,1,64,134,3,11,436,536,278,0
1814,0,1.4,1,1,1,9,141,2,2,756,786,3556,3
1101,0,1.8,0,0,0,31,148,2,7,387,1269,2196,1
1461,0,2.4,1,3,1,40,141,7,4,1265,1298,3799,3
1216,0,3,0,4,0,47,199,3,7,1852,1967,2268,2
506,0,1.6,0,6,1,41,159,1,7,875,1025,2965,2
843,1,0.5,0,1,1,56,147,5,17,140,800,2341,1
742,0,2.2,1,4,0,56,190,7,14,577,1359,3557,3
1692,1,2.1,0,3,1,61,176,6,12,975,1996,1354,1
1485,0,1,0,2,1,32,84,2,9,510,1013,2147,2
1547,0,2.9,1,6,0,45,166,2,8,583,590,505,0
1692,0,2.3,1,4,1,46,139,1,6,674,1925,1394,1
637,0,2.3,0,3,1,60,97,4,4,1125,1989,374,0
1224,0,0.5,0,16,1,6,109,6,18,747,826,506,0
1356,0,2.8,0,0,0,29,198,6,0,1612,1983,3702,3
1840,0,0.5,1,12,0,34,142,1,16,311,1545,1078,1
1481,1,0.7,1,4,1,37,96,5,13,116,1533,2945,2
961,1,1.5,1,10,0,51,152,6,16,554,621,2981,2
1296,0,0.9,1,0,1,14,124,5,3,811,1272,490,0
1193,0,0.9,0,11,0,26,166,1,20,730,1729,536,0
1441,0,2.1,1,11,1,3,118,8,17,577,1071,2317,2
517,0,1.4,1,3,1,33,183,4,8,660,974,3704,3
748,1,1.7,0,0,1,27,150,8,4,450,1554,2126,1
1126,1,2.4,0,2,1,10,160,6,3,1223,1611,2050,2
1572,0,0.6,0,0,1,58,157,7,8,1109,1937,2462,3
1569,0,2.8,1,17,0,44,110,4,20,45,1942,1260,1
1270,1,0.6,1,2,1,32,101,7,6,299,845,3770,3
1854,0,3,0,2,1,8,101,5,5,506,627,1886,1
625,1,1.2,1,5,1,10,183,4,8,635,842,3323,2
1577,0,0.5,1,0,1,42,197,5,4,1045,1737,2060,2
534,0,0.5,1,0,1,16,189,5,1,393,1199,3926,3
946,0,1.7,1,8,1,25,143,6,15,650,1740,2177,2
685,0,0.5,0,2,0,29,93,7,10,433,648,728,0
1949,0,1.3,1,0,0,23,101,5,1,839,1136,2478,3
947,0,0.8,1,0,1,22,197,2,13,1176,1220,2842,2
801,1,2.2,1,2,0,63,165,7,4,650,879,1617,1
703,1,2.7,0,12,1,30,113,1,20,218,1065,1472,0
1165,1,2.4,0,11,0,41,178,6,12,564,831,764,0
1082,0,0.8,0,0,0,38,198,8,5,986,1191,2337,2
959,1,2.6,1,15,0,20,84,4,19,561,1631,3965,3
1502,1,1.2,0,0,0,54,138,5,12,65,588,3693,3
1380,1,2.1,1,1,1,4,92,3,13,420,500,797,0
1266,0,0.5,0,0,1,5,95,6,9,1365,1698,1687,2
1934,1,2.6,1,0,1,46,103,1,17,619,1299,2940,3
1905,1,0.5,0,3,1,6,151,1,5,849,898,1545,1
1831,0,1.4,1,2,0,43,150,5,5,611,1381,3834,3
596,0,1.4,0,8,0,46,165,1,18,953,984,2505,1
1562,1,1.3,1,1,1,7,190,5,15,642,1533,2243,2
1490,1,0.5,1,4,1,64,150,8,8,1417,1464,3600,3
1523,1,2.4,0,5,1,57,117,2,6,247,539,3971,3
640,0,0.6,0,0,0,20,163,4,15,710,1179,2844,2
1526,0,2.1,0,1,1,23,117,7,8,718,751,2227,2
1989,0,2.5,1,0,1,41,94,3,13,1100,1497,1665,2
1308,0,1.9,0,0,1,61,106,3,7,59,1215,3355,3
609,0,0.5,0,3,0,26,93,4,4,938,1948,1866,1
1905,0,0.6,1,9,1,36,119,3,20,825,1542,1287,1
1703,1,0.5,0,0,1,22,192,1,0,286,1235,1046,0
1445,1,2.4,1,7,1,20,173,7,15,1273,1345,1441,1
1087,0,1.3,0,0,1,16,166,3,9,295,589,690,0
671,0,0.9,1,10,0,30,105,7,17,852,1182,2504,2
1472,1,2.3,0,6,0,61,168,6,19,710,1052,2677,2
765,0,0.5,1,0,1,47,115,8,1,1277,1429,2243,2
1642,0,0.5,1,16,1,8,171,6,17,129,873,2984,2
1265,0,1.5,0,7,0,49,182,5,16,690,836,1362,1
664,1,1.1,1,1,1,51,110,7,4,701,1478,3629,3
1277,1,0.5,1,0,1,35,142,6,6,309,1460,3559,3
1395,0,1.8,1,0,0,23,111,3,1,213,705,2571,2
1539,1,2.6,0,0,0,41,159,8,0,1112,1666,2107,2
1049,1,2.2,0,9,0,63,135,5,17,199,1077,1022,0
1827,0,1.7,0,4,1,39,128,5,16,55,1020,2844,2
903,0,1,1,0,1,50,91,1,0,1230,1235,711,0
1987,1,0.5,0,3,1,53,181,3,7,1052,1516,3117,3
1154,0,1.2,1,0,1,49,181,8,2,541,1499,978,0
1336,0,0.9,0,5,1,17,194,5,9,55,583,1869,1
1886,0,0.5,0,0,1,24,112,3,1,809,1958,1179,1
1551,0,1.1,0,4,0,51,88,5,6,1738,1995,3844,3
850,1,1.6,1,6,1,29,133,5,19,404,642,593,0
660,0,0.5,0,5,1,40,111,2,10,262,1178,588,0
1225,1,2.1,1,8,0,13,116,4,12,759,1404,3836,3
1452,1,0.5,1,1,1,25,123,6,11,42,1040,2669,2
1686,1,2.8,1,3,0,38,166,4,4,397,1453,2958,3
1634,1,1.4,0,1,1,17,200,2,5,964,1677,3031,3
1708,1,2.4,1,18,1,49,109,1,19,233,517,3388,3
1151,1,2.9,1,0,0,31,128,8,1,1022,1560,2377,2
1578,0,1.9,1,2,1,37,138,4,19,411,1226,2458,2
1689,0,1.8,0,17,0,24,127,3,18,954,1200,2766,3
1488,0,0.5,0,1,0,39,112,5,6,1528,1647,3054,3
1313,1,1.8,1,4,0,9,105,1,6,416,1308,3791,3
1715,0,1,1,4,1,31,83,8,17,638,1615,625,0
1442,0,1,1,0,0,27,192,3,19,231,687,2227,1
528,0,1.7,0,12,1,6,142,2,15,574,637,3256,2
1523,1,1.8,0,6,1,11,129,1,8,148,1606,707,0
1133,0,1.4,0,3,0,42,199,5,12,730,1543,1457,1
1718,1,2.5,1,14,1,6,183,5,16,564,980,3755,3
1330,0,0.5,0,0,0,38,183,7,1,1290,1441,1733,1
1799,1,0.5,0,0,0,49,107,4,2,632,1383,720,0
633,1,2.2,0,0,1,49,139,8,1,529,1009,3560,2
724,0,2.7,1,0,0,44,187,7,0,1273,1754,2311,2
822,1,0.5,0,0,1,51,157,6,20,667,860,3846,3
1918,0,1.9,0,2,0,10,110,5,10,1170,1543,1717,2
1891,0,2.8,0,7,1,37,129,7,14,169,1108,3704,3
1373,1,1,1,2,0,50,127,7,12,105,673,3800,3
862,1,0.8,1,3,0,23,165,2,15,793,1758,278,0
1273,0,1,0,3,1,48,99,4,15,490,886,1767,1
957,1,2.5,0,4,0,7,107,5,10,1201,1485,1846,1
1617,1,1.3,1,3,1,30,105,2,4,246,1038,829,0
893,0,2.5,1,0,0,55,183,2,1,417,946,2986,2
1210,0,0.5,0,0,0,63,93,5,0,1177,1462,2394,2
708,1,2.7,1,0,1,63,195,8,7,78,654,2169,1
835,0,1.1,1,2,0,7,101,4,7,323,1604,1181,0
1450,1,2.7,1,9,0,19,131,1,17,707,1882,575,0
973,1,1.5,0,5,1,57,190,7,16,457,1816,2977,2
601,1,1.4,0,4,1,4,154,4,13,356,765,532,0
507,1,0.5,1,1,0,32,141,7,11,936,1398,1702,1
564,0,1.8,1,0,1,51,168,3,1,912,1980,1074,0
1559,1,1.6,1,6,1,6,162,6,17,179,1559,3352,3
754,0,0.5,1,7,1,59,178,7,10,1914,1928,1027,1
728,0,2.7,1,0,0,25,88,4,1,526,1529,2039,1
1431,1,0.5,0,0,1,56,191,1,1,156,952,461,0
767,0,1.5,0,4,0,28,175,4,10,344,1517,527,0
1722,0,2.6,0,8,0,18,177,2,16,865,1741,3271,3
1992,1,1.6,0,5,1,57,100,2,15,1552,1596,606,1
1876,0,0.5,0,10,1,40,86,6,14,546,1564,2513,3
1054,0,1.1,1,10,1,38,136,6,12,1097,1222,1675,1
1283,1,1.6,1,4,0,47,93,5,5,372,692,2698,2
1281,1,2.3,1,0,0,28,148,1,6,1285,1617,1129,1
1066,0,0.6,0,2,1,7,114,7,18,1242,1571,468,0
730,0,2.1,1,0,1,4,89,8,2,302,1247,1210,0
1053,1,0.8,1,7,1,45,103,1,12,594,1767,3086,3
1611,1,0.5,1,11,0,3,98,3,14,303,714,1595,1
793,0,1,1,5,1,30,133,2,15,1858,1935,2332,2
1220,0,2.9,0,3,0,62,125,4,8,403,1933,2589,2
1662,0,0.5,0,0,1,61,126,4,13,32,1509,3760,3
1281,1,2.8,1,3,1,8,144,4,19,590,954,1851,1
538,0,0.8,0,12,1,2,177,7,13,235,662,417,0
823,1,0.5,0,0,0,39,187,8,4,630,888,294,0
1733,1,2.8,0,3,1,36,119,6,20,357,527,3576,3
1429,0,1.5,1,0,1,40,100,3,14,246,820,3945,3
1839,1,1.2,0,9,1,54,200,7,11,475,1493,927,1
659,0,2.7,0,6,1,6,110,3,7,1054,1929,2044,1
1953,1,2.1,1,7,0,56,158,8,9,555,764,2334,2
1172,0,1.9,0,0,1,27,164,1,3,607,1092,1477,1
612,1,1.9,1,6,0,16,102,7,7,1360,1891,3161,3
1563,0,2.4,0,0,1,24,170,8,0,142,1699,3660,3
1191,0,1.3,1,16,1,26,84,1,20,681,683,1604,1
615,1,0.5,1,0,0,42,163,6,4,104,1664,2211,1
1893,1,2.1,1,8,0,63,134,2,11,637,763,3822,3
1563,0,1.7,1,10,0,16,151,7,13,410,572,3922,3
1995,1,1.9,0,6,0,9,139,6,18,1830,1963,1203,2
1517,0,0.5,0,6,1,48,143,5,14,802,1489,2822,3
832,0,1.6,1,1,1,34,108,5,5,311,1294,447,0
1162,0,2,0,0,1,56,114,7,1,56,997,1652,1
1595,1,2.6,0,7,0,12,121,8,19,344,655,3608,3
1329,1,1,0,1,0,52,181,6,2,1053,1458,1228,1
928,1,0.5,1,11,0,56,80,8,13,221,1243,666,0
1656,1,0.5,1,8,1,38,105,7,17,506,519,1499,1
1937,1,1.7,0,17,0,58,189,1,19,1728,1767,3321,3
977,1,1.1,1,2,0,57,181,6,7,63,566,1206,0
768,1,0.9,0,16,1,56,113,1,20,418,515,952,0
1464,1,0.5,1,11,0,12,117,2,14,854,1168,3927,3
1177,0,0.9,0,1,1,29,191,2,8,178,882,311,0
1348,0,2,0,18,0,52,98,3,20,1869,1942,955,1
1956,0,2.2,0,0,1,37,87,3,2,185,776,1109,1
1751,0,0.5,1,6,0,8,178,6,20,170,564,2969,2
1530,0,2,0,11,0,42,177,6,13,454,1975,725,0
1997,1,1.8,1,1,0,40,185,4,8,866,1212,1655,2
1414,1,1.5,1,5,0,44,180,2,6,44,1118,3490,3
1707,0,1.4,0,0,0,41,80,7,2,1331,1388,1774,2
894,0,0.5,1,1,1,50,199,3,14,1285,1462,3615,3
645,0,1.2,0,6,1,41,184,8,17,741,1130,714,0
1163,0,2.8,1,0,0,49,155,2,0,520,754,2768,2
1126,0,0.7,0,3,0,49,165,8,17,114,1726,3739,3
1648,0,0.7,0,6,1,64,170,4,9,1153,1876,610,1
1170,1,0.9,0,6,1,14,199,2,13,474,709,715,0
508,0,0.8,0,7,1,42,94,1,8,39,557,663,0
1097,0,2.1,1,6,0,64,161,3,8,419,1914,1725,1
728,0,1.7,1,0,1,5,101,2,20,584,775,834,0
1980,0,0.5,1,2,1,29,177,1,13,312,1910,3865,3
1504,0,2.3,1,1,0,64,182,1,2,19,1923,3059,3
1379,1,2.1,1,14,1,63,83,1,17,207,1370,651,0
1698,0,2.1,0,5,1,18,160,6,20,363,994,796,0
920,0,2.1,1,5,0,25,115,7,14,209,1078,785,0
1144,1,1.5,1,0,0,21,189,1,11,159,724,3252,2
1995,1,0.5,0,6,0,26,129,1,15,649,1104,1322,1
1430,0,0.5,1,1,0,27,183,1,16,1132,1182,2832,2
972,1,0.5,1,5,0,13,193,5,8,1392,1795,1615,1
662,0,0.5,0,5,0,20,138,1,10,1001,1224,2125,1
1867,0,2.3,0,0,1,9,191,6,3,712,1442,990,1
1730,0,2,1,0,1,20,143,4,10,418,1023,1595,1
1723,1,1,0,1,1,7,126,3,17,384,1361,1213,1
1882,1,1.3,1,8,0,47,140,2,13,119,652,2500,2
803,0,0.8,1,0,0,18,106,4,1,627,935,2801,2
580,1,1.2,1,0,0,47,91,3,1,1086,1345,3451,3
668,0,2.3,0,2,1,48,114,1,19,195,1292,1201,0
1391,0,1.4,0,2,1,36,182,1,6,14,1256,3139,2
1560,0,2.3,0,0,1,22,169,7,1,745,1364,1938,2
821,0,1.8,1,5,0,54,109,3,9,253,1786,3185,2
811,1,2.4,1,5,1,2,106,6,13,333,1429,2111,1
1989,1,2.9,1,8,0,17,193,8,15,629,682,2369,2
1034,1,2.7,1,6,0,37,120,7,20,707,1199,3625,3
618,0,2.1,0,2,0,6,86,1,4,1314,1688,1051,0
654,1,1.3,0,0,1,52,196,4,4,1715,1898,1036,1
576,1,2.8,0,2,1,10,184,5,7,513,1438,2938,2
667,1,0.6,0,6,1,3,185,6,13,13,1463,2855,2
869,1,1,0,7,1,57,118,1,15,1243,1584,2727,2
635,1,0.5,1,2,0,42,149,3,4,300,1059,2973,2
609,1,3,0,15,1,44,117,1,16,58,1253,2581,1
1557,0,2.8,1,16,0,2,123,5,20,1107,1442,2690,3
1604,1,1.7,0,2,0,33,191,8,5,134,939,916,0
1182,0,0.5,0,7,1,8,138,8,16,275,986,2563,2
848,1,2.1,1,10,1,19,148,7,18,176,1029,3359,2
1610,1,2.9,0,7,1,64,181,4,12,1236,1280,941,1
1828,1,2.1,1,0,0,17,199,1,1,336,898,2280,2
880,0,2,1,1,1,50,194,7,3,1116,1381,827,0
1394,1,0.9,1,10,1,62,175,5,13,1010,1565,473,0
1960,1,2.3,1,1,1,61,86,7,3,205,1299,3865,3
809,0,0.8,0,10,0,21,91,7,19,1453,1726,1274,1
899,0,0.5,1,13,1,57,172,2,18,788,1331,364,0
1976,1,0.7,1,4,0,32,171,2,7,1301,1922,3699,3
879,0,1.5,1,0,1,21,187,4,2,463,1038,2927,2
916,1,2.6,0,0,0,36,195,4,12,188,992,1470,0
763,0,1.7,1,8,1,2,92,8,14,1028,1186,1050,0
508,0,1.6,1,0,0,9,162,6,2,1419,1920,2616,2
825,0,2.9,1,0,0,34,99,8,17,1471,1866,2915,3
1864,0,1.4,0,8,1,46,178,1,12,168,981,2686,2
1725,0,0.5,1,8,1,52,185,6,12,1125,1195,1243,1
1108,1,2.9,0,10,0,52,183,2,12,130,1706,3264,3
1011,0,1.1,0,4,1,36,131,7,18,481,749,2261,1
1703,1,1.5,1,17,1,55,138,5,19,1411,1711,2993,3
1067,1,1.7,1,0,0,58,135,7,0,79,681,706,0
1334,1,2.4,0,5,1,42,115,5,14,1187,1974,2542,3
775,1,2.6,0,0,0,30,189,7,10,561,1510,2523,2
1899,1,0.6,0,0,0,26,151,2,0,96,814,336,0
930,1,1.3,1,1,1,14,97,6,10,77,1025,2457,1
1058,0,1.5,0,2,0,19,166,4,14,493,1247,418,0
1187,1,2.2,0,0,1,46,145,2,9,1173,1814,3917,3
1874,1,2.7,1,10,0,8,166,7,13,964,1233,1246,1
1482,0,0.5,0,2,0,48,142,7,10,634,642,2971,2
1809,1,1.7,0,3,1,59,174,3,4,639,721,2324,2
864,1,3,1,0,1,54,187,2,1,127,1670,3121,2
625,1,1.9,0,12,1,33,191,1,20,431,550,3801,2
1880,1,1.8,0,4,1,18,138,3,5,71,699,3333,3
1138,0,1.4,0,12,1,44,187,8,17,111,1138,3475,3
560,0,0.5,0,14,0,23,146,8,15,356,1903,2360,1
1117,0,0.5,0,1,0,12,144,7,8,798,817,2895,2
1712,0,1.4,0,1,0,63,137,7,12,747,1126,3652,3
1836,1,1.7,1,3,0,26,134,6,16,408,1139,3097,3
1036,1,2.4,0,0,0,39,119,7,3,373,926,2101,1
1860,1,2.3,0,15,0,23,162,4,16,1362,1506,3918,3
1375,1,1.1,0,3,1,9,145,7,19,475,726,3869,3
1945,0,1.6,1,0,1,57,195,4,1,743,1753,732,1
1896,0,0.5,1,8,1,7,141,2,13,447,794,3684,3
788,0,2.5,1,4,1,57,91,8,12,42,1161,3969,3
880,1,1.7,1,0,0,33,173,2,2,30,1350,1414,0
1323,1,2.5,1,10,1,28,131,4,12,162,619,1892,1
1868,0,2,1,0,1,42,169,1,4,347,660,3131,3
1266,0,1.9,1,0,1,7,184,3,12,346,1468,2532,2
1042,0,2.7,1,16,1,50,93,7,18,727,1705,3215,3
1479,0,0.5,0,8,0,19,156,3,10,180,1476,3323,3
1476,1,1.2,1,0,1,55,171,4,5,1641,1666,1529,2
1552,1,2.2,0,6,1,13,123,6,9,269,1026,2403,2
1454,1,0.5,1,1,0,34,83,4,3,250,1033,3419,3
1007,0,2,0,0,0,45,95,5,2,1186,1529,3648,3
652,1,2.4,1,9,1,17,173,5,11,77,559,1974,0
1504,0,1.5,0,12,1,34,142,8,15,507,973,2806,2
1726,1,0.9,1,2,0,51,193,4,3,379,1223,2239,2
1029,1,1.9,1,5,1,5,171,5,8,264,956,582,0
1582,0,2.8,0,2,1,44,112,6,13,1486,1797,3890,3
1478,1,0.8,1,12,0,48,99,5,17,694,882,1141,1
1178,1,1.3,0,0,0,49,101,5,0,579,596,2511,2
707,0,2.1,1,2,0,25,131,3,17,495,574,3838,3
755,1,2.8,0,5,1,51,186,4,12,315,990,2734,2
912,1,2,0,1,0,54,161,8,5,329,1053,2330,1
651,1,0.8,1,2,1,63,176,5,4,548,858,2244,1
1483,0,2.1,0,1,1,54,176,7,2,531,758,1851,1
914,1,0.9,0,2,0,4,100,2,12,191,1495,808,0
1456,1,0.5,1,7,0,7,105,5,12,823,1104,1587,1
1178,0,2.2,1,6,0,57,84,3,17,96,1352,2492,2
1503,1,0.7,0,10,1,43,166,4,14,841,1304,2122,2
1681,1,2.5,0,2,0,11,158,2,13,195,1205,1122,0
715,0,2.3,1,4,0,48,160,4,6,21,562,3709,2
1876,0,2.8,1,3,1,56,182,3,4,235,585,3021,2
1190,1,2.2,1,9,0,47,186,6,10,1417,1441,624,0
1755,1,1.3,0,0,1,24,134,7,2,286,1075,3937,3
1197,0,1.3,0,3,1,20,149,6,7,649,1629,1797,1
1048,1,0.9,0,10,1,28,194,2,19,966,1975,1458,1
1887,1,3,1,6,1,17,126,8,7,1172,1798,3348,3
1772,1,0.5,1,3,0,64,116,8,15,270,545,1834,1
1421,0,2.8,0,0,1,57,165,1,2,781,1657,2775,3
1464,0,0.5,1,0,1,17,153,6,8,418,1341,1277,1
728,0,2.3,1,4,0,23,111,4,5,126,817,457,0
954,1,0.5,0,0,0,50,134,2,11,228,1058,438,0
685,0,0.5,1,8,1,13,82,7,15,1091,1203,3210,3
1472,0,2.8,1,1,0,36,130,6,10,1452,1744,985,1
853,1,2,0,10,1,3,200,2,16,674,740,3701,3
1469,0,2.1,0,0,0,8,123,7,0,398,1133,1052,0
1310,1,2.3,1,6,0,57,135,8,9,449,889,1175,0
1654,0,1.8,0,1,0,11,146,7,2,1184,1719,1070,1
902,1,0.7,0,3,0,3,134,7,9,675,1285,3411,3
1448,0,1.4,1,13,0,26,156,3,16,1792,1850,1175,1
1631,0,0.9,1,2,1,3,198,7,12,177,1905,301,0
1608,0,1.8,1,7,0,28,183,2,13,1013,1158,489,0
1991,1,2.7,0,5,1,64,145,2,13,1058,1325,1733,2
1349,0,2,1,15,0,62,114,5,16,592,772,2756,2
1589,0,2.5,0,5,1,51,195,1,18,810,1743,2612,2
1844,1,2.3,1,1,0,51,158,8,3,533,882,1724,1
712,1,0.5,1,3,1,35,84,2,10,558,1208,2190,1
972,1,1.7,0,0,1,54,107,3,4,681,1050,1900,1
1406,0,0.5,1,2,1,34,98,3,5,1017,1366,3915,3
1289,0,0.9,0,10,1,25,178,6,12,765,899,1043,0
932,0,1.3,0,1,0,64,154,7,2,1176,1224,3817,3
1747,1,0.9,0,6,1,48,94,3,19,947,1131,2362,2
1172,1,2.1,1,4,0,41,95,3,7,1314,1884,1107,1
1128,1,1.4,0,12,0,53,84,5,14,609,1370,2982,3
664,0,1.2,1,0,0,28,106,5,5,754,1497,2042,1
513,1,0.5,0,6,1,44,186,4,12,619,867,1343,0
1742,0,2.3,1,9,1,43,170,7,12,453,681,2610,2
1512,1,1.7,0,12,0,6,162,7,17,205,884,2335,2
1986,0,0.5,1,3,1,51,165,8,20,282,1358,1614,1
965,1,1.5,1,5,0,13,109,2,14,130,998,1138,0
1067,1,2.4,1,3,1,40,122,8,15,494,1989,604,0
1583,1,1.6,0,5,1,42,118,3,10,275,862,3652,3
1653,0,0.5,1,2,1,37,176,4,6,447,1785,3955,3
1433,0,1.6,0,7,0,4,133,8,11,281,799,258,0
765,0,2.9,0,0,1,18,153,7,0,6,793,1066,0
1845,1,0.5,1,10,0,61,96,1,12,292,695,1731,1
752,0,0.5,1,1,0,48,87,7,13,164,728,3860,3
1948,0,2.8,1,8,0,16,100,5,10,631,1940,3630,3
1077,0,2.5,1,0,1,45,174,3,4,897,1304,1965,1
932,1,0.5,0,1,1,60,104,4,2,268,1078,1459,0
1968,0,0.9,0,0,0,22,115,3,7,861,1259,2323,2
1122,0,1.2,0,9,0,2,120,4,14,331,790,3291,2
1588,0,0.5,0,0,1,61,159,1,13,1064,1594,3272,3
601,0,2.1,0,4,0,26,101,4,18,509,548,918,0
1615,0,0.5,0,14,0,15,132,4,16,622,1256,3488,3
1589,1,2.2,1,2,0,58,128,4,4,957,1911,3961,3
1417,1,2.7,0,2,1,56,114,6,4,494,1649,590,0
1697,1,0.7,0,1,1,34,95,1,3,236,1264,3701,3
1330,1,1.3,1,14,0,3,83,5,17,980,1262,463,0
1476,0,0.5,0,0,1,43,148,2,2,1789,1972,3644,3
1579,1,1.5,0,0,0,27,142,6,18,831,1484,1713,1
1277,0,3,0,0,1,41,200,4,3,902,1090,429,0
1089,1,0.9,1,12,1,2,145,5,15,636,1259,2765,2
1663,1,2.5,1,13,1,27,169,4,14,831,1439,2084,2
1949,0,1.8,0,0,0,20,186,5,4,518,592,1125,1
1138,0,1.1,0,5,1,48,109,3,14,233,1777,2048,2
685,0,2.7,0,7,0,17,174,6,20,725,870,1223,0
1889,0,2.8,0,5,1,31,132,1,10,170,1106,3672,3
857,1,2,1,3,0,17,195,7,9,157,948,3100,2
1902,0,2.8,1,6,0,50,124,8,9,1142,1393,343,0
1225,1,2.4,0,0,0,15,155,5,0,840,982,1970,1
1066,0,1.6,0,5,0,39,131,5,17,401,1586,2728,2
1554,1,0.5,1,11,0,5,124,3,12,395,1579,3635,3
1337,0,0.5,0,13,0,31,186,2,20,48,644,2180,1
1926,1,1.7,1,1,1,33,172,3,2,982,1157,2488,2
869,0,1.3,1,3,0,34,104,2,4,478,539,3864,3
1278,1,0.5,1,1,0,54,104,8,16,581,750,1155,0
1773,1,2.5,0,16,1,32,170,6,18,1215,1472,3566,3
1661,1,0.8,1,1,1,6,109,7,2,594,1337,864,1
1438,0,2.2,0,0,1,32,176,7,6,683,1663,869,0
1661,1,1.4,0,0,0,29,119,2,0,536,861,591,0
1846,1,0.6,0,1,0,19,159,1,2,83,773,1333,1
1260,1,2,1,2,1,23,123,7,10,905,1313,2208,2
512,1,0.5,1,7,0,15,83,3,15,249,1849,2610,2
581,0,2.2,0,0,0,59,185,5,6,803,1613,2819,2
1872,1,2.3,0,6,0,44,134,3,15,459,1259,1955,2
687,1,1.3,0,9,1,50,151,4,20,584,1151,3416,3
1062,1,2.5,1,6,0,10,160,1,13,1596,1807,3803,3
1678,1,2.3,1,11,0,7,192,1,14,418,1763,574,0
1417,1,0.5,0,10,1,45,166,4,19,364,1029,2129,1
1074,0,2.4,1,2,1,9,103,6,14,946,952,1948,1
1832,0,0.7,0,2,0,2,90,7,6,186,654,2978,2
1039,0,1.3,0,0,1,12,200,8,0,1428,1827,1619,1
1059,0,2.4,0,8,0,61,134,3,18,1613,1916,3716,3
1606,0,1.4,0,3,0,57,154,4,4,1127,1924,3454,3
1928,1,1.8,0,9,1,19,187,3,20,691,1580,3777,3
1875,1,0.5,1,11,1,55,91,1,17,1802,1942,2712,3
1128,1,1.1,0,9,1,46,135,8,10,751,1582,1434,1
1748,0,1.7,1,6,1,14,146,3,7,859,1234,3968,3
1413,0,0.5,1,5,0,51,117,5,11,187,517,3383,3
825,0,0.5,1,0,1,23,86,2,0,206,1917,3278,3
1589,1,1.4,0,3,1,26,100,8,16,1673,1759,3970,3
535,1,0.5,1,8,1,54,145,8,15,710,939,2674,2
1780,1,0.5,0,6,0,27,190,4,11,1331,1463,2776,3
1671,0,0.6,1,7,1,61,129,2,11,263,848,2336,2
1821,0,0.9,0,9,1,12,114,1,18,97,1803,2430,2
1076,1,2.6,0,3,1,38,119,6,8,129,915,891,0
532,1,0.8,1,3,0,8,193,5,10,1213,1354,728,0
777,1,2.6,0,3,0,30,148,5,17,189,1143,3886,3
1217,1,0.5,0,3,0,17,182,4,13,628,632,1711,1
1656,1,1.6,1,0,0,16,117,7,2,320,899,2856,2
1185,0,1.9,0,0,0,31,152,8,7,837,1642,2447,2
577,0,2.4,0,8,1,37,161,6,20,1087,1450,814,0
737,1,2.4,1,7,0,49,193,4,16,781,1463,2951,2
704,0,2.2,1,4,0,53,186,6,6,251,1013,3653,2
525,1,0.5,1,5,0,51,137,8,11,262,1587,1891,1
504,1,0.5,1,5,0,16,166,1,9,767,1665,701,0
793,0,1.2,1,1,1,38,176,4,7,1226,1815,3139,3
569,0,0.6,1,2,0,39,184,8,9,389,739,2811,1
1590,0,1.9,1,3,1,21,160,5,18,920,963,1701,1
707,0,0.5,0,0,1,16,194,2,0,1027,1508,1853,1
767,0,1.9,0,16,1,19,185,6,17,271,1000,2445,1
1350,1,0.5,1,0,1,50,181,8,4,369,544,2287,1
1117,1,0.6,1,0,0,31,146,2,7,1258,1627,2003,2
641,1,1.1,0,0,1,7,192,1,3,417,759,3595,2
1002,0,0.8,1,0,1,35,83,2,4,1345,1416,1726,1
1408,1,2.1,1,10,0,45,89,5,14,613,1088,3952,3
1900,1,2,1,1,0,41,190,8,6,912,1596,850,1
726,0,2.9,0,0,0,43,101,8,0,666,760,1446,0
1544,0,2.3,0,12,1,45,113,8,20,236,857,1300,1
1454,1,1.6,0,6,1,21,160,4,10,186,1100,719,0
1230,1,2.2,1,6,0,26,123,5,7,416,676,988,0
1552,0,1.2,0,10,1,53,180,8,18,430,658,2606,2
1519,0,2.1,0,0,0,32,200,1,10,168,1239,2912,2
723,1,1.9,0,4,0,30,102,1,7,1467,1901,2339,2
1191,0,2.4,1,2,0,13,169,1,7,179,1813,1028,0
1168,0,1.3,0,9,0,61,90,8,10,159,1578,3173,3
1229,0,0.5,1,15,0,14,191,2,16,120,1878,1667,1
1758,1,0.5,0,11,1,13,190,8,14,762,1864,1897,2
1290,0,0.5,0,0,0,3,143,6,4,600,1109,1214,1
574,0,2.8,1,16,0,38,90,6,17,286,1171,3269,2
1271,1,0.5,0,12,0,32,113,7,15,1350,1949,445,0
1170,1,1.2,0,4,0,30,83,8,15,27,1722,1073,0
1269,1,1.3,0,14,0,52,118,2,15,1597,1920,665,1
1288,0,2.8,1,15,0,50,121,2,20,1177,1809,3129,3
1366,1,0.7,1,0,1,34,150,2,9,402,964,3501,3
1572,1,0.8,1,7,1,8,169,5,8,577,1237,3461,3
1627,0,0.9,1,9,1,32,180,6,16,52,1082,3206,3
1701,1,0.5,0,13,1,46,115,2,15,364,828,3717,3
1900,1,0.5,1,0,1,55,171,1,1,934,1241,3917,3
1974,0,1,0,4,0,24,80,7,13,250,545,861,0
1197,1,0.5,1,9,0,20,129,5,10,214,1710,2885,2
587,1,2.3,1,4,0,6,170,1,16,612,1793,2777,2
934,0,1.1,0,7,0,24,112,5,12,1111,1463,1017,0
1195,0,2,1,1,1,23,82,4,9,163,1100,980,0
1853,1,1,0,2,0,23,92,1,15,202,1951,2775,3
1164,0,1,0,4,1,19,95,8,18,729,1704,3309,3
1512,1,0.5,0,8,1,18,88,3,17,1079,1897,3607,3
1232,0,2.9,1,1,1,24,169,5,17,361,809,1257,0
1813,1,0.6,1,0,1,5,198,3,8,338,1306,759,0
946,1,2.6,1,17,0,5,166,3,20,1698,1771,3720,3
739,1,2.3,1,2,1,58,88,3,4,1052,1536,475,0
704,1,2.7,0,8,1,29,80,1,10,1108,1509,1122,0
1663,1,0.5,0,0,0,40,147,4,15,951,1545,1336,1
1966,1,1.4,1,2,0,40,185,8,18,1197,1987,1185,2
1219,0,1,1,0,0,17,196,5,4,473,1022,705,0
612,1,0.7,0,6,0,35,181,5,12,1294,1337,3169,2
1658,1,1.4,0,0,1,39,182,1,5,410,522,3483,3
1263,0,0.5,0,12,0,64,175,5,18,178,1883,1183,1
1395,1,2.8,0,0,1,55,118,3,1,782,1787,3373,3
621,1,2.7,1,0,0,54,151,4,20,434,910,2801,2
652,0,0.5,1,1,0,58,142,3,2,464,781,565,0
1175,0,0.6,0,10,0,25,145,2,12,137,1501,3153,2
561,1,1,0,0,0,11,163,8,10,492,1176,3421,2
1137,0,2.2,0,6,1,3,173,5,7,1250,1285,316,0
1835,1,2.3,0,4,1,11,193,7,13,385,583,448,0
1170,0,2.9,1,2,0,40,169,6,5,427,684,2366,1
1595,1,0.8,1,0,1,44,85,4,20,1024,1838,3881,3
1719,1,2,0,0,0,12,122,8,7,240,904,462,0
1770,0,2.3,1,0,0,7,128,7,6,886,1552,1480,1
1312,0,0.5,1,0,1,28,163,2,0,1233,1854,1087,1
1878,0,1.5,1,5,1,56,139,5,13,183,559,2711,2
1871,1,2,0,7,1,20,81,7,14,88,1682,2144,2
922,0,1.5,1,1,1,35,188,7,15,1016,1383,1165,0
1975,1,1.5,0,6,1,16,128,8,11,80,655,2998,2
1212,0,2.6,0,1,1,46,102,4,8,611,1715,2249,2
1430,1,0.9,0,3,0,56,179,3,5,569,906,752,0
1958,1,1.9,1,0,0,4,190,2,3,304,637,1409,1
1836,1,2.1,1,0,1,30,184,7,15,276,1230,3072,3
557,1,1.6,0,0,0,24,125,3,0,1131,1315,1305,0
539,1,0.6,1,9,0,21,145,7,14,551,599,3597,2
880,0,0.5,1,1,0,44,172,8,15,436,1302,3132,2
1369,1,1.8,1,6,0,34,162,1,7,553,727,3856,3
1109,1,2.7,1,1,0,39,98,1,9,1391,1787,1524,1
843,0,1.8,1,0,0,16,166,5,6,981,1096,3673,3
598,0,2.3,1,7,0,21,196,2,10,680,1173,3293,2
972,1,2.7,1,1,0,5,126,4,2,687,816,3035,2
1944,1,0.5,0,5,1,36,197,6,18,1060,1970,584,1
1225,0,0.7,1,0,1,2,138,7,1,217,1101,2675,2
644,1,1.3,1,7,1,30,114,1,16,1140,1654,2382,2
1919,0,1.5,0,5,1,48,150,4,6,304,1191,1391,1
501,0,2.3,0,12,1,54,131,4,19,504,1089,2346,1
1620,1,2.2,1,0,1,30,185,3,3,832,1033,606,0
1227,1,1.1,1,0,0,34,130,3,3,935,1781,1324,1
1359,1,0.5,1,1,1,58,107,6,3,446,901,1076,0
1914,0,0.7,0,1,0,35,118,8,2,942,1701,643,1
1645,1,1.8,0,1,0,21,123,7,2,897,1308,783,0
1063,1,1.1,0,0,1,26,101,5,2,1208,1232,3809,3
946,0,2.1,0,0,1,19,154,8,0,159,630,2104,1
1231,0,1.2,1,5,0,54,185,3,10,632,1184,1762,1
1397,0,2.9,1,13,0,9,87,6,18,1308,1991,3137,3
701,1,0.7,0,7,0,15,160,3,11,1002,1256,1756,1
570,1,0.5,1,2,0,9,111,7,5,1331,1917,3663,3
1993,1,0.5,0,10,1,27,147,8,11,150,510,2437,2
955,0,0.5,1,4,0,43,143,5,8,1248,1511,1432,1
924,0,0.5,1,0,1,47,167,8,6,108,1813,1620,1
600,0,0.5,0,0,0,14,112,5,2,320,747,1655,0
518,0,0.8,1,0,0,3,178,7,1,437,1947,2832,2
1063,1,2.5,0,0,1,31,95,6,10,295,935,961,0
920,1,0.5,0,2,0,46,149,3,3,1058,1421,2608,2
1715,0,1.9,0,4,1,3,171,5,6,79,1652,514,0
1841,1,1.3,1,6,0,14,167,8,8,593,672,2304,2
543,1,0.5,1,4,1,60,132,5,7,693,1031,933,0
1762,1,2.7,1,13,1,25,189,1,14,300,527,1896,1
1112,1,0.5,1,1,0,53,121,4,16,234,739,3655,3
709,1,2,1,0,0,35,136,1,0,1545,1596,1973,1
1315,1,2.6,0,7,0,64,128,7,16,59,575,3278,2
1762,1,2.5,0,10,1,15,107,8,11,1103,1364,2183,2
1462,1,1.7,1,1,0,25,182,7,18,91,1478,824,0
571,0,1.6,1,8,0,35,186,7,20,177,1282,2598,1
666,1,0.5,1,7,1,54,81,3,13,58,1353,1254,0
1994,0,1.5,1,2,1,7,146,8,7,447,1435,3622,3
1583,1,2.1,1,11,0,14,148,7,16,942,1651,1704,2
1778,0,1.4,1,3,1,45,132,4,17,88,516,1624,1
1926,1,1.1,0,13,1,50,179,6,17,371,1000,3809,3
966,1,0.6,0,9,1,50,117,4,10,1446,1754,2574,2
568,0,2,0,1,0,36,179,3,4,181,1703,950,0
1897,0,3,0,1,1,21,192,8,2,1311,1935,273,0
1695,0,0.5,1,6,1,46,200,3,9,1791,1898,446,1
1623,1,1.2,0,6,1,61,120,7,12,1568,1832,1510,2
914,1,0.5,0,0,1,26,147,4,0,706,721,1122,0
1721,1,0.5,1,4,1,33,128,4,5,871,1048,707,0
890,1,2.2,1,4,0,44,198,8,13,1074,1873,751,0
600,0,0.5,0,1,0,48,191,3,7,501,1465,3393,2
1677,0,1.8,1,4,0,11,124,6,8,271,1477,3771,3
723,0,0.5,0,0,1,3,168,4,3,920,1748,1851,1
638,0,1.7,1,11,0,27,102,4,17,1171,1383,2735,2
852,0,1,1,4,1,62,104,7,13,293,1159,2253,1
1979,1,1.6,1,0,0,32,165,7,1,833,1630,452,0
710,1,0.5,0,6,0,32,151,5,9,485,857,1419,0
1034,0,2.6,1,2,1,45,190,3,4,182,1293,969,0
600,0,2.5,1,8,1,22,145,1,11,207,1162,3441,2
1027,0,0.5,0,2,1,64,103,2,7,1698,1747,3786,3
1260,0,0.6,0,5,1,13,106,6,6,165,736,2710,2
1793,0,1.8,1,10,0,12,169,6,17,1086,1418,3533,3
675,0,2.3,0,10,0,60,144,5,15,192,757,1735,0
658,1,2.7,0,0,1,12,103,7,3,1156,1750,3587,3
1694,1,0.6,0,0,1,34,102,7,7,377,549,2298,2
804,1,0.8,1,12,1,41,89,1,13,709,818,2027,1
1713,0,2.5,1,1,0,27,127,7,3,729,974,2406,2
706,0,0.5,0,13,1,31,108,3,19,543,938,2419,1
1362,0,0.5,0,3,0,25,131,7,9,553,1505,995,0
1527,0,2.7,0,10,1,60,154,5,14,526,1116,2078,2
768,0,0.5,1,0,0,19,159,2,1,637,991,1145,0
1314,0,2.9,1,8,1,41,155,4,12,113,577,626,0
705,1,0.5,0,5,1,57,155,6,9,1114,1374,1509,1
1403,0,2.7,0,2,1,26,164,5,3,461,1251,3371,3
1486,0,2.6,0,7,0,52,85,4,15,1430,1747,297,0
781,0,1.1,0,2,0,38,198,5,7,304,1674,3508,3
986,1,1.5,0,1,1,23,183,8,3,471,800,2385,1
1310,0,1.4,0,0,0,33,105,1,14,806,1016,1301,1
560,1,2,1,6,1,57,81,3,12,80,1327,2167,1
1348,0,1.3,0,0,0,43,116,5,6,204,501,3914,3
1567,0,0.5,1,3,0,22,119,6,6,545,1621,2312,2
1940,1,0.9,1,4,0,17,93,5,7,112,858,2297,2
1979,1,2.9,1,0,1,19,176,3,9,1331,1532,411,0
561,1,2.1,1,7,1,2,193,3,13,1055,1294,665,0
1717,1,1.3,0,1,0,62,130,1,3,609,810,3226,3
535,0,1.5,0,1,1,48,113,1,4,290,811,740,0
1413,0,0.5,1,4,1,39,185,5,12,1039,1318,3878,3
1358,0,2.5,1,0,0,20,135,7,0,1485,1655,3406,3
1519,0,2.9,0,2,0,30,112,7,8,1122,1702,2440,2
1254,0,1.2,1,2,0,50,108,5,6,462,1013,3959,3
1591,1,2.2,0,3,1,49,154,6,7,1384,1883,3703,3
977,1,2.8,1,2,0,35,165,2,15,1502,1862,3714,3
1640,1,0.7,0,10,1,21,169,7,14,589,1301,337,0
663,0,0.8,1,0,0,25,183,2,1,82,1605,3176,2
1744,1,1,0,1,1,20,112,8,3,68,718,1205,1
1624,0,1.6,1,8,0,28,150,2,10,689,699,2473,2
1108,1,1.3,1,14,1,2,169,7,20,208,1742,1229,0
1188,1,1.4,1,0,1,9,114,2,0,1339,1558,2896,3
817,0,1.3,0,0,0,11,144,3,11,722,766,2039,1
863,0,1.6,1,5,1,6,133,4,13,717,1799,520,0
1397,0,2.4,1,5,1,3,121,3,15,433,1658,1378,1
1108,0,1,0,3,0,49,140,5,12,1298,1666,3254,3
1068,0,2,1,1,1,37,184,7,13,186,1998,1803,1
1702,1,2.3,0,12,1,52,145,2,15,1397,1491,2501,3
808,0,0.5,1,0,0,8,192,4,1,618,1891,3762,3
1156,0,0.5,0,6,0,61,89,7,9,1214,1262,1796,1
1271,0,0.5,1,2,0,54,159,8,3,613,650,990,0
696,0,0.5,0,6,0,51,197,3,8,649,907,2630,1
1981,1,1.9,1,13,0,45,175,6,18,193,1234,1380,1
614,0,1.7,1,0,1,58,128,7,2,22,519,3487,2
1590,0,0.6,1,0,0,7,122,3,17,1464,1595,1201,1
1945,0,1.6,0,4,0,21,113,3,10,280,895,3015,3
1135,1,2.8,1,9,0,43,158,1,11,690,1589,3204,3
1049,0,0.6,1,8,1,2,172,6,10,39,1564,433,0
1807,1,2.1,0,2,0,49,125,1,10,337,1384,1906,2
984,1,0.5,0,13,1,42,98,7,17,1036,1611,898,0
720,1,1.4,1,0,1,61,96,7,8,1347,1733,2799,3
1536,0,0.8,0,12,0,13,105,7,20,22,1634,2020,2
771,1,0.5,0,3,0,25,86,4,6,327,922,770,0
503,0,2.5,0,3,0,57,185,6,11,778,1291,305,0
675,0,2.4,0,1,0,42,187,7,2,482,874,2953,2
1936,1,1.9,1,13,1,34,182,7,14,591,1089,1671,1
1303,0,1,1,0,1,15,138,3,10,229,1604,2574,2
1004,1,2.9,1,0,0,35,141,6,9,901,1162,3772,3
1972,0,1.2,1,0,0,37,102,2,1,715,1648,2870,3
1822,0,1.2,0,0,0,8,195,6,0,172,910,2577,2
1159,1,2.8,0,5,1,18,83,1,7,681,723,2246,1
1782,1,2.8,1,6,1,58,157,1,13,867,999,2405,2
894,0,2.1,1,16,0,16,168,8,20,286,1300,3377,2
1884,0,2.1,1,7,1,43,185,1,18,451,819,3619,3
1648,1,0.5,0,1,1,17,142,2,3,1119,1238,1184,1
798,0,2.4,0,5,0,4,96,3,9,526,643,2965,2
802,1,2.4,1,1,0,45,157,3,9,1299,1633,3713,3
1276,1,2.9,1,2,0,53,130,2,3,217,735,3798,3
1331,1,1.6,0,0,0,16,165,2,7,1109,1226,1026,1
1620,0,2.6,1,6,0,5,186,6,18,434,1339,1086,1
1996,0,2.5,0,5,1,51,122,4,9,671,1445,2236,2
1092,0,2.7,1,8,0,45,185,1,10,1404,1424,1303,1
1018,1,0.7,1,7,0,63,155,5,18,856,883,3048,2
545,0,0.5,0,0,1,11,131,3,1,381,1452,616,0
554,1,1.3,0,0,0,12,105,6,10,85,806,3764,2
1264,0,2.9,1,2,1,34,171,3,3,562,849,419,0
1030,0,1.6,1,3,1,58,138,6,20,1111,1812,2858,3
1432,1,1.7,1,6,1,39,164,4,18,209,947,504,0
558,1,2.8,0,1,1,49,142,5,4,997,1605,392,0
829,0,0.5,0,0,0,56,129,7,1,91,1916,820,0
1741,1,1.8,0,0,0,14,143,8,0,730,1895,3387,3
1849,1,2.3,0,7,1,15,144,5,19,606,1123,3447,3
733,0,2.1,0,5,1,7,174,7,10,445,1409,1403,0
1872,1,0.9,1,0,0,16,80,2,2,286,1484,2295,2
1853,0,0.5,1,1,0,27,197,6,13,985,1005,1973,2
1149,1,2.2,0,4,0,30,106,6,5,1617,1675,3755,3
891,0,0.5,1,9,1,25,196,2,19,375,1724,2073,1
1911,1,2,0,7,1,64,163,8,8,1795,1958,3872,3
550,1,0.5,0,16,1,23,145,2,17,486,1930,302,0
576,0,0.8,0,0,1,27,121,2,4,757,1518,1519,1
1760,0,1.9,0,1,1,50,198,1,2,273,1704,2549,2
969,0,2.4,0,0,0,45,124,7,0,491,589,404,0
1160,0,1.1,0,1,1,63,166,3,2,762,859,595,0
827,0,1.1,1,2,1,18,160,2,16,448,821,1663,0
1786,0,0.5,0,9,1,58,161,7,10,231,1671,2764,3
774,1,0.6,1,2,1,8,136,1,4,1713,1865,2614,2
819,1,2.5,1,0,1,11,83,8,1,438,822,1094,0
1042,0,2.2,0,15,1,11,139,5,16,68,1018,2826,2
1368,0,3,1,10,0,50,97,7,18,698,829,2496,2
1592,0,2.1,0,6,1,50,181,2,17,510,522,2103,1
1067,0,1.8,1,11,0,14,146,1,15,965,1009,966,0
1892,1,0.7,0,5,0,47,110,4,10,1399,1564,2172,2
915,0,1.1,0,6,0,56,187,8,17,532,1448,905,0
774,1,2.8,0,7,1,55,124,3,18,8,896,3916,3
1848,1,1.4,1,2,1,42,179,2,10,154,605,3902,3
1501,0,1.1,0,12,1,2,187,1,15,198,1056,2487,2
1614,0,1.9,0,8,1,55,188,3,17,860,1330,3914,3
911,1,2.9,0,0,0,46,181,5,1,461,670,363,0
1520,0,0.5,0,1,1,24,199,5,8,109,1909,3233,3
1647,0,1.4,1,3,1,38,102,6,15,193,1185,2532,2
1347,0,0.9,1,8,1,53,108,6,15,961,1008,3836,3
967,1,1.6,0,4,0,25,92,8,9,243,1642,3076,2
1442,0,2.2,0,0,1,56,145,5,3,1626,1668,1513,2
1204,1,2.6,0,0,0,10,199,7,3,480,1482,1724,1
1320,0,2.1,1,0,1,41,144,7,2,123,1229,542,0
1800,1,0.7,0,2,1,8,100,7,6,400,823,3481,3
1567,0,2.1,1,3,0,22,153,3,19,190,1326,3991,3
1439,0,0.9,0,12,1,20,147,1,17,626,932,1790,1
1422,0,1,0,15,0,3,112,1,17,1,926,509,0
1591,1,2.2,1,4,1,52,161,3,16,548,1641,282,0
880,0,1.7,0,2,0,6,198,4,19,632,660,3006,2
1929,1,0.5,1,0,1,19,163,6,2,349,1051,1913,1
1642,1,1.6,1,0,0,5,102,5,2,1686,1889,1333,2
1511,0,2.5,1,3,0,21,114,3,18,1455,1982,3746,3
1312,0,1.3,0,5,1,10,163,2,9,95,893,3941,3
1852,0,1.4,0,4,1,10,196,1,18,580,1163,3970,3
972,1,1.3,0,8,0,44,82,7,10,297,589,3925,3
691,1,2.7,1,4,1,33,108,4,8,951,962,424,0
807,0,0.5,0,9,0,8,158,5,20,667,697,1284,0
1113,0,0.6,1,0,0,25,145,1,10,1047,1312,277,0
721,1,1.3,1,10,0,16,125,1,18,408,1862,1713,1
1188,1,1.5,1,0,0,54,198,6,2,1150,1469,485,0
1512,1,0.5,0,1,0,52,131,1,14,333,952,3002,2
805,1,0.7,0,0,0,64,97,4,14,641,704,418,0
918,0,0.9,1,1,0,8,123,7,5,653,671,1652,1
1320,0,0.5,1,7,0,48,168,5,16,103,1583,2893,2
1236,0,0.9,1,2,1,57,188,1,14,517,809,1406,0
1387,0,0.5,0,0,1,61,98,3,0,785,1151,629,0
1883,1,2.7,1,6,1,30,95,2,10,531,791,3724,3
839,0,2,1,0,0,14,175,7,3,564,1391,3835,3
1593,1,1,0,0,1,52,130,8,0,761,1336,1354,1
1722,1,1,0,7,0,25,88,6,19,1179,1638,2376,3
1954,0,0.6,1,8,0,7,126,3,9,673,690,3438,3
1788,1,0.5,1,15,1,2,150,6,20,472,1073,2655,2
1628,0,0.5,0,5,1,33,101,6,8,412,643,3361,3
1965,0,0.5,0,6,1,4,84,7,9,977,1660,3535,3
833,1,2.2,0,4,0,27,124,1,6,359,1395,2150,1
571,0,0.6,0,1,1,43,141,3,8,224,783,2587,1
1808,1,0.5,1,1,0,31,92,2,16,714,1208,2736,3
1860,0,0.5,1,2,1,55,83,6,3,195,799,676,0
1368,1,1.6,1,4,0,9,115,7,7,843,1145,2941,3
1161,0,1.3,1,0,1,21,126,8,12,308,1169,3336,3
1224,1,1.6,0,9,0,33,157,1,18,522,563,3796,3
902,1,0.6,1,0,0,63,122,5,14,364,1360,3654,3
787,1,0.5,0,15,0,11,93,1,16,806,1423,2934,2
854,0,0.5,0,2,0,30,125,8,5,518,1152,2889,2
1184,0,1.5,1,1,1,48,191,1,6,519,1577,3315,3
1973,0,1.6,1,5,1,39,152,4,6,792,1181,1993,2
510,0,1.7,1,3,0,35,120,3,6,382,1228,2509,1
966,0,2,0,8,1,34,118,2,10,214,1523,3534,3
1438,1,1.8,0,3,0,16,169,8,7,859,867,2246,2
1986,0,0.5,0,7,0,51,95,3,9,342,774,3165,3
1907,0,2,0,13,0,55,105,7,15,713,1513,286,0
1489,0,2.4,1,8,0,32,200,1,16,172,812,776,0
1843,1,1.8,1,13,1,16,134,6,18,118,580,3213,3
825,1,1.5,0,11,0,38,94,3,18,540,783,716,0
1286,1,2.3,0,10,1,16,98,2,18,18,662,424,0
840,0,0.6,0,0,1,63,137,7,19,987,1081,3486,3
757,0,2.3,1,5,1,58,163,4,7,535,697,3237,2
814,1,1.1,1,2,0,41,177,2,10,1092,1406,1944,1
1195,1,1.1,1,2,1,8,80,6,6,327,1001,643,0
767,0,0.8,0,7,1,10,107,4,12,517,1995,2317,2
1068,0,1.3,0,6,1,52,97,8,7,994,1500,1436,1
994,1,2.8,1,0,0,56,173,3,3,491,530,3190,2
1550,1,2.5,0,6,0,21,133,2,11,268,832,2338,2
1878,1,0.5,0,9,0,29,85,8,19,210,1026,1334,1
623,0,2,0,2,0,6,127,3,4,144,672,3657,2
1829,1,0.5,0,0,1,15,160,5,7,729,1267,2080,2
525,0,2.4,1,11,0,35,190,7,20,82,670,1609,0
1065,1,0.5,0,0,1,14,89,2,2,188,928,3078,2
1425,0,1.2,0,9,1,35,127,8,14,150,1897,590,0
1296,0,1.4,1,3,0,11,129,7,4,1222,1382,2552,2
642,0,2.8,0,3,0,34,197,2,15,331,1011,3355,2
1664,1,2.9,1,9,1,15,177,7,19,1178,1929,1968,2
1498,1,0.7,0,3,1,8,170,7,4,347,1076,3358,3
981,1,1.9,1,0,0,2,136,3,7,75,688,1539,0
1236,1,2.8,0,6,1,32,143,4,18,492,1403,942,0
1673,0,2.8,1,7,0,9,187,3,10,65,734,3669,3
712,1,1.6,0,6,1,9,172,2,14,881,1234,3612,3
569,1,0.5,1,10,1,4,170,3,19,351,1159,2351,1
603,1,0.7,1,0,1,64,156,6,0,1842,1968,604,0
1332,0,0.8,1,2,0,11,187,2,4,758,1165,1285,1
1413,0,0.6,0,0,1,13,128,1,0,1323,1481,515,0
1064,0,2.9,1,1,1,34,184,6,13,1175,1569,654,0
1444,0,0.6,0,2,0,48,82,5,17,1092,1554,2540,3
1366,1,1.7,1,5,1,53,161,5,9,647,1876,3869,3
906,0,2.1,1,7,0,18,136,2,11,1102,1793,3412,3
1554,0,2.7,1,3,1,47,185,5,12,319,1367,509,0
1187,0,2.3,0,0,1,21,122,6,6,215,1125,2547,2
1156,1,2.7,1,1,1,30,173,3,16,945,1913,2735,2
1918,0,2.8,0,1,0,22,139,1,5,381,1203,1369,1
841,1,0.5,1,8,0,39,199,6,13,546,828,2942,2
730,1,1.3,1,6,0,6,167,7,10,1096,1155,2812,2
878,1,1.3,0,13,1,31,153,4,18,575,618,3497,2
1059,0,0.5,1,0,0,50,182,8,1,519,1545,619,0
1578,0,2.9,0,8,0,3,200,1,20,342,670,3483,3
1829,0,1.7,0,0,0,36,112,5,1,291,563,1475,1
1132,0,1,0,0,0,8,157,1,4,1091,1293,1950,1
1652,0,0.6,1,4,1,40,198,7,6,352,1084,3592,3
912,0,0.5,1,0,0,58,107,5,1,165,1723,3573,3
1181,0,2.3,0,12,1,61,116,2,16,385,831,2020,1
1497,1,0.7,0,5,0,32,92,3,9,1920,1933,1329,2
1790,1,2.3,1,3,1,49,100,3,11,396,1980,3568,3
1742,1,1.6,0,3,0,49,100,1,9,1134,1469,1947,2
1549,1,0.5,0,4,0,8,158,5,7,721,1514,1998,2
1372,1,2.7,0,7,0,34,193,4,17,687,937,725,0
1112,0,0.5,0,0,1,12,190,4,6,777,1119,3302,3
1005,0,0.5,0,0,0,46,133,8,17,176,1556,3884,3
783,1,1.7,1,9,1,27,150,6,11,458,1263,1185,0
1698,0,2.5,0,10,1,26,105,2,18,485,1819,1656,2
899,1,2.7,0,3,1,53,192,4,11,641,1638,2870,2
1062,0,1.5,0,3,0,45,151,3,4,798,1435,911,0
989,1,2,0,4,0,17,166,3,19,256,1394,3892,3
1983,1,1.2,1,6,1,27,125,1,11,370,1197,3897,3
1800,1,3,0,5,0,53,87,1,12,191,1108,656,0
1254,0,1.7,0,0,1,45,146,3,3,1571,1956,606,1
868,0,1.7,0,0,0,30,83,4,0,276,1026,1653,1
1205,0,0.5,1,3,0,12,175,4,6,573,614,860,0
1284,1,2.8,1,0,0,10,155,2,14,160,516,2197,1
626,0,0.7,1,2,1,23,187,2,9,90,1334,3458,2
1763,0,2.9,1,1,1,53,101,4,20,138,806,2066,1
694,1,1.8,1,15,0,36,193,4,20,983,1230,3676,3
1265,0,0.6,1,4,1,49,90,1,5,275,687,1518,1
816,1,0.5,0,4,0,14,198,3,13,149,558,1018,0
904,0,1.8,0,3,1,35,168,3,4,42,507,1360,0
979,0,0.5,1,0,1,5,164,7,2,793,1670,3449,3
1531,0,2,0,0,1,60,162,6,1,625,765,2524,2
934,0,2,1,2,0,30,182,8,15,521,1190,703,0
1624,1,2.6,1,0,0,58,200,3,11,1530,1744,1251,1
874,0,1.3,0,5,0,8,185,1,20,442,1248,582,0
1027,1,2.2,0,0,0,63,102,5,4,152,714,1732,1
1966,0,0.8,1,15,1,48,144,1,16,1242,1973,1252,2
1048,1,1.5,0,2,1,29,182,1,4,29,1670,2146,1
1496,1,1.9,1,13,0,38,126,4,14,501,506,1927,1
959,1,1.7,0,15,0,13,155,4,16,87,736,3328,2
1349,1,2.2,1,5,0,55,105,7,7,648,1019,2462,2
1689,1,2.4,1,0,1,13,168,2,9,521,674,1172,0
1558,1,2.4,0,0,1,27,146,1,1,120,1409,3598,3
582,0,0.5,1,3,0,27,168,3,10,985,1420,2437,2
1485,0,2.8,0,3,1,44,138,4,14,341,774,3271,3
1991,1,1.8,0,11,0,9,94,3,12,751,1377,1511,1
553,0,0.5,1,2,1,23,119,3,3,993,1517,2981,2
1231,0,0.7,1,2,0,7,113,1,7,43,1663,3119,3
805,0,0.8,0,1,0,34,88,6,2,1262,1538,3647,3
764,1,1.2,1,1,0,13,152,8,2,361,511,3148,2
894,0,0.9,0,5,1,54,130,3,15,104,541,2829,2
1589,0,2.6,0,9,0,46,84,3,16,618,940,2373,2
1456,0,1.6,1,9,1,39,80,8,10,815,1666,3998,3
743,0,0.5,1,0,1,33,95,2,1,1587,1659,316,0
1061,1,2.1,0,3,1,52,109,7,4,138,1330,999,0
1428,1,1.6,0,0,0,7,153,4,2,584,983,1808,1
674,1,2.8,1,0,1,8,93,3,0,750,772,589,0
832,0,1.1,0,0,1,46,93,6,0,820,1366,3317,3
1625,1,0.5,1,2,1,50,107,8,17,8,1219,670,0
907,0,1.4,1,3,0,42,151,1,16,171,507,584,0
1631,0,0.5,0,2,1,13,166,2,16,960,1735,2173,2
1584,1,1.3,0,6,0,41,135,4,15,160,1291,1561,1
1382,1,0.5,0,7,1,13,199,2,18,612,719,2073,1
633,1,1.4,0,0,1,46,102,6,10,709,1915,1401,1
1444,1,2.1,0,9,0,38,104,7,16,624,917,3764,3
852,1,1.6,1,6,1,54,147,5,7,538,730,1275,0
922,1,0.7,0,0,1,47,157,8,14,1295,1808,1464,1
1745,0,1.5,1,4,1,57,159,3,16,1164,1908,2885,3
862,0,2.3,0,9,1,6,107,8,14,829,1977,3458,3
1754,1,2.1,1,1,1,52,101,4,3,199,1452,3019,3
1008,0,2.5,0,3,0,36,109,1,14,825,1972,1083,1
1569,0,0.5,1,3,0,33,147,1,13,519,930,3538,3
1596,0,2.9,1,7,0,7,149,2,9,169,1190,2493,2
1807,1,0.5,1,2,1,61,134,6,6,1734,1968,3726,3
1660,0,2.8,1,4,0,7,184,1,6,76,1165,1531,1
1861,1,0.9,0,4,1,55,148,7,8,1698,1877,601,1
648,0,1.9,1,4,0,8,91,5,19,819,1997,2991,2
1379,0,0.5,1,1,0,19,134,8,17,387,671,3912,3
1910,1,1.7,0,0,0,34,115,2,0,985,1284,309,0
1807,0,2,1,0,1,13,155,8,0,970,974,323,0
1923,0,0.5,1,7,0,46,191,1,10,767,1759,1489,1
1345,1,3,0,7,1,38,162,3,11,512,1465,1322,1
904,0,1.6,1,5,1,14,102,8,9,56,760,1846,1
1239,0,1.2,1,5,1,52,122,2,10,590,661,417,0
1330,0,0.9,0,6,1,52,84,4,12,462,1304,3269,3
516,1,0.7,1,1,0,30,138,1,12,126,698,3731,2
672,1,0.5,1,0,0,54,95,4,11,578,1143,667,0
892,1,0.5,0,0,1,47,94,1,18,655,1782,1241,1
1778,0,0.5,0,0,1,23,101,6,11,1028,1445,3941,3
1130,1,2.5,0,4,1,58,132,5,14,88,1261,1018,0
1359,0,0.6,0,4,0,59,86,2,6,1692,1902,3142,3
1866,1,2.5,1,3,1,47,89,5,9,358,1782,1444,1
1597,0,2.3,0,11,0,34,89,1,14,64,1667,934,0
1046,1,2.8,1,0,1,58,100,8,0,259,1040,3863,3
1035,0,0.6,1,2,1,44,99,3,3,236,1960,3506,3
1175,1,1.3,0,2,0,19,164,7,9,873,1394,1944,1
1261,1,0.5,1,0,1,11,90,4,0,858,1591,348,0
1068,0,0.7,1,9,0,51,124,4,15,1405,1910,550,0
1713,0,3,1,5,1,20,104,7,17,237,890,971,0
1688,0,2.5,0,0,1,21,170,7,0,650,864,3984,3
1413,1,0.5,1,4,1,45,104,5,6,1949,1994,2973,3
559,1,0.5,0,10,0,11,82,5,14,541,823,2019,1
1483,1,2.6,1,13,0,19,146,7,19,361,1552,1587,1
860,1,1.6,1,13,0,48,187,7,18,335,1463,1870,1
1090,0,1.3,1,5,0,27,91,4,16,1638,1910,1352,1
686,1,0.5,0,11,0,3,91,6,15,1109,1392,570,0
818,0,1.3,0,14,0,43,177,6,15,111,510,546,0
1456,0,1.6,1,5,0,49,193,3,20,1285,1427,3624,3
774,0,0.5,1,2,1,10,188,2,9,1480,1731,2944,2
1068,0,0.5,1,0,1,19,197,8,9,322,875,1209,0
1373,1,1.9,1,1,1,29,141,6,12,1220,1348,2752,3
1777,1,3,0,3,0,20,188,6,5,511,616,3868,3
594,0,0.8,0,2,1,28,132,5,3,1011,1263,3087,2
1524,0,2.6,1,5,0,57,124,2,12,629,635,947,0
511,1,0.6,1,12,0,50,175,3,16,140,622,1484,0
1402,1,0.6,1,3,0,46,87,7,12,1081,1767,347,0
965,1,0.5,0,15,0,53,131,8,19,297,653,3227,2
1270,1,2.3,0,0,0,58,104,5,1,1512,1716,3299,3
919,0,0.5,1,11,0,13,159,1,15,275,570,1028,0
1963,1,1,0,16,1,34,157,2,17,1136,1813,714,1
1977,0,1.3,1,2,0,31,173,8,6,1145,1356,2641,3
1881,0,2.2,0,4,0,51,158,5,7,477,1553,1229,1
683,0,0.7,0,5,0,19,173,4,17,954,1985,2622,2
772,0,2.6,1,7,0,6,100,2,10,741,1471,929,0
536,1,1.4,0,0,1,53,135,3,0,547,705,1211,0
1694,0,1.8,0,0,0,53,186,6,0,1194,1208,1653,2
1633,0,1.7,1,3,1,33,111,2,19,146,906,511,0
1371,0,0.5,0,4,0,52,167,4,19,471,663,3034,2
551,1,2.8,0,0,1,54,172,7,15,169,1916,1414,0
1221,0,0.5,0,1,1,28,139,1,7,1895,1976,2438,3
1000,1,0.5,0,12,0,63,179,8,18,1537,1761,3744,3
1986,0,2.7,1,3,1,64,162,4,20,236,1520,1377,1
1119,0,0.5,1,0,1,23,164,4,1,821,915,3520,3
1699,0,0.5,1,1,0,59,97,4,3,466,1768,3796,3
1099,0,0.5,0,13,1,61,146,3,20,393,1096,1699,1
1576,0,2.6,0,7,0,58,90,3,16,400,631,336,0
950,1,0.5,0,9,0,55,156,5,10,774,843,1095,0
1081,1,2.5,1,13,0,49,99,3,17,284,519,325,0
606,0,2.5,0,1,1,53,146,4,2,465,1152,1223,0
502,0,1.5,1,7,0,37,199,2,12,705,1810,1649,1
957,1,0.7,0,0,1,4,160,2,0,38,1682,1898,1
1658,1,1.4,1,0,1,38,159,5,0,51,739,2609,2
1681,1,2.5,1,6,0,18,167,1,7,850,1005,2265,2
1983,1,0.5,1,3,0,43,87,6,10,349,676,2775,2
1753,0,1.2,0,8,1,12,113,7,17,387,1595,1445,1
1632,1,1.4,0,0,0,41,132,4,1,706,1623,2614,2
1949,1,1.4,0,7,0,57,145,7,11,951,1178,356,0
1696,0,1.7,0,1,0,13,97,3,2,179,772,523,0
688,0,2.5,1,0,0,57,131,7,3,426,1964,3745,3
1104,0,1.7,0,1,1,60,199,2,13,653,1413,1229,0
1122,0,2.8,0,0,0,28,184,3,4,1578,1963,1402,1
504,1,0.5,1,2,1,46,172,5,14,280,1795,2085,1
1154,0,0.5,0,12,1,14,156,7,14,251,1801,587,0
1727,0,2.1,0,2,1,63,85,7,8,1463,1992,2457,3
1674,0,2.8,1,0,1,52,89,3,7,1432,1649,2030,2
1948,0,2.8,1,5,1,18,135,2,14,477,571,816,0
1218,1,2.8,1,3,0,39,150,7,14,1122,1746,1667,1
531,0,1.1,0,10,0,63,189,7,14,145,1903,2958,2
1057,0,2.1,0,4,0,5,154,5,13,416,1055,3705,3
576,0,1.2,0,1,0,30,162,8,5,847,893,2800,2
1960,1,2.1,0,1,0,7,165,7,9,868,877,3773,3
673,1,1.7,1,3,1,22,88,1,5,594,1088,2050,1
718,0,0.7,1,0,1,21,88,1,7,518,830,1754,1
864,0,1.7,0,3,1,35,103,3,7,663,1805,1904,1
547,0,1.9,1,1,0,37,154,5,4,371,541,2705,1
623,1,0.9,0,1,1,3,102,8,7,1749,1781,3537,3
1793,0,0.7,1,11,0,27,154,5,13,586,722,1370,1
1720,1,0.7,1,0,0,19,137,2,3,409,646,1222,1
812,0,0.5,1,1,0,64,106,4,7,35,1309,3102,2
980,1,0.5,0,0,1,33,160,6,0,1008,1758,2268,2
643,0,1,0,9,1,18,187,8,12,442,1079,2648,1
1925,0,3,1,0,1,16,175,8,11,983,1087,2173,2
1408,1,2.5,0,3,0,32,151,4,6,875,982,3162,3
1522,1,0.7,1,4,0,28,124,1,5,952,1191,1368,1
587,1,2.5,0,16,1,51,111,1,17,244,1361,2746,2
1959,0,0.5,1,5,0,18,191,6,20,65,1055,619,0
1872,0,0.5,1,3,0,17,89,6,6,1749,1767,724,1
1043,1,0.5,0,7,0,42,111,3,8,716,1626,912,0
1809,0,0.5,0,6,0,23,123,6,19,433,1661,2784,3
1703,1,0.5,0,5,1,23,92,6,7,134,521,793,0
1095,1,0.5,0,4,0,45,197,1,5,179,1247,560,0
1414,0,2.6,0,1,0,27,137,4,20,804,1564,312,0
1659,1,2.5,0,2,0,41,88,7,18,787,1515,545,0
1540,0,0.7,1,1,0,60,197,7,12,704,822,1591,1
1342,0,1,0,0,1,31,86,7,1,991,1638,2746,3
1189,1,2.3,0,13,0,8,198,3,14,379,932,893,0
518,1,2.4,0,0,1,62,128,6,0,489,710,2514,1
1449,0,0.8,1,3,1,10,144,1,12,1518,1883,1032,1
516,0,1.1,1,0,1,39,91,5,7,855,1401,819,0
1569,0,0.8,1,8,0,59,111,3,16,1261,1383,3672,3
1312,1,0.8,1,0,0,24,156,6,0,115,1791,3833,3
1893,1,0.5,1,1,0,23,179,8,3,1203,1432,1482,2
1076,0,2.5,0,3,0,14,105,5,4,545,1300,2043,1
530,1,2.6,0,1,0,40,118,6,2,818,1090,1229,0
1044,1,2.8,1,7,0,33,129,4,13,42,1262,1816,1
1330,0,1.1,0,11,0,37,126,7,20,1103,1637,2166,2
1836,0,1.1,1,0,0,14,104,5,1,168,1068,2469,2
1741,1,0.5,0,1,1,55,140,5,3,719,755,2575,2
1869,0,2.6,0,0,1,30,152,1,13,163,874,1375,1
1331,0,0.5,0,8,0,55,146,3,15,1162,1531,1732,1
1655,1,0.5,1,6,1,4,105,3,12,626,1348,673,0
605,0,1.5,0,9,1,18,162,2,14,329,656,2301,1
1245,1,0.6,0,2,0,30,105,5,3,330,1434,2676,2
1709,1,0.8,0,8,1,58,136,2,10,956,1292,1781,2
846,1,2.6,0,0,1,58,123,4,15,1140,1983,2248,2
1403,1,2.5,1,3,0,62,90,4,13,217,1623,921,0
688,1,1.5,0,0,0,2,89,3,2,271,869,391,0
775,1,2.5,1,1,1,10,185,7,14,444,1555,1719,1
1154,0,2,0,6,1,35,159,5,16,1003,1827,3262,3
1375,0,0.5,1,2,1,35,194,2,3,227,772,1947,1
1827,1,0.8,0,4,0,61,130,7,9,253,1764,2693,3
1697,0,0.5,0,0,1,60,90,4,0,88,1046,441,0
741,0,1.5,0,1,0,14,178,5,13,334,594,1886,0
1672,1,0.5,1,13,1,32,174,1,20,1281,1896,1267,1
514,1,0.7,0,4,0,57,186,3,7,168,1320,687,0
1375,1,1.3,1,2,0,12,105,1,13,898,1687,2890,3
989,1,1.8,1,4,1,55,124,1,12,46,1069,1737,1
1510,1,2.5,1,11,0,47,138,2,13,118,1170,887,0
1266,0,2.6,0,1,0,18,86,7,2,1187,1595,398,0
1396,0,2.4,1,0,0,46,138,7,1,1191,1347,2389,2
808,0,2.3,0,3,0,45,161,1,9,526,1324,3431,3
1542,0,2.3,0,1,0,43,182,2,11,346,966,3601,3
745,1,0.6,1,5,0,35,102,8,10,89,1538,2459,1
1735,1,1.9,1,0,1,59,148,6,0,137,846,3230,3
586,0,0.5,1,1,0,57,188,2,5,1226,1389,3646,3
1341,1,2.1,1,0,0,36,107,8,1,473,574,2200,1
781,1,1.3,1,1,0,64,88,2,7,368,607,3862,3
501,1,0.5,1,14,0,22,174,6,20,239,1636,3077,2
1224,1,1.8,1,2,1,44,139,2,9,622,709,621,0
1970,0,1.6,1,11,1,58,80,8,19,654,882,2372,2
618,1,2.2,1,0,1,63,138,2,1,853,1781,2574,2
1537,0,2.9,0,11,1,46,158,4,17,686,1305,2857,3
1018,0,2.2,0,8,0,16,153,8,10,992,1433,3143,3
1545,0,1.3,1,15,1,35,173,5,20,115,1352,3197,3
1871,0,2.1,0,4,1,41,144,8,5,275,1966,2727,3
1729,1,2.1,1,1,0,12,186,1,6,461,1178,1519,1
680,1,2.1,1,9,1,9,131,3,11,1428,1500,2438,2
1106,1,1.9,0,4,0,54,107,3,9,614,1212,2674,2
635,1,0.6,1,1,1,50,97,5,13,193,989,2107,1
618,0,0.6,0,8,0,16,143,1,14,1105,1602,2262,2
1671,0,0.5,1,13,0,5,179,8,18,398,1263,815,0
1562,1,1.2,1,0,1,52,105,7,9,480,728,2829,2
1975,1,1.9,1,2,0,31,151,1,17,775,1607,3022,3
831,1,0.7,0,2,1,62,134,8,9,1482,1490,2573,2
1524,1,1.8,1,0,0,10,174,4,1,154,550,2678,2
1528,1,1.8,1,3,1,55,129,5,6,454,1762,1282,1
1447,1,2.5,1,2,0,9,155,8,16,737,1455,568,0
1344,0,1.5,0,1,0,14,190,1,3,419,556,2074,1
564,0,3,1,1,0,8,130,2,3,853,1737,2227,1
921,0,0.6,1,1,0,60,83,2,3,1211,1229,1080,0
1413,1,1.7,0,2,0,10,200,6,6,314,1606,2867,2
831,0,2.4,0,10,0,55,86,6,12,172,1239,1075,0
802,0,0.5,1,3,0,43,153,5,6,527,734,3063,2
1923,0,1.3,0,3,0,24,86,4,4,874,1264,2479,2
1193,1,3,0,10,0,56,196,3,17,674,864,2394,2
904,1,1.2,1,10,1,31,112,3,11,657,1014,2814,2
1285,0,2.4,0,1,1,51,140,7,2,475,500,2094,1
1635,0,2.6,1,0,1,2,182,4,0,1209,1411,2315,2
1923,0,1,1,5,1,14,154,4,6,15,525,2519,2
1851,1,1.9,1,3,1,12,198,6,11,293,1967,735,0
727,1,1.5,0,0,1,32,131,7,1,813,1377,1891,1
1396,0,1.5,1,0,1,44,118,6,1,173,1843,1386,1
877,0,1.3,1,9,1,46,135,1,14,457,652,3260,2
696,1,2.4,0,11,1,35,103,3,13,533,797,2022,1
1009,1,1,1,2,0,2,102,8,14,912,1043,1716,1
1526,0,1.1,1,2,1,38,116,5,6,798,1418,3317,3
987,0,2,1,1,0,20,192,7,3,412,565,1454,0
1414,1,2.2,1,0,1,49,101,4,1,130,887,2290,1
1732,0,0.8,0,2,0,61,172,5,3,201,656,3940,3
1587,1,0.5,0,0,0,50,148,8,15,299,874,461,0
1097,0,0.8,0,10,1,21,160,7,15,1277,1352,2219,2
504,0,2.8,1,0,0,40,178,3,0,626,1195,470,0
1159,0,2.7,0,13,1,28,80,8,18,378,751,2495,2
1910,0,1.4,0,0,0,29,146,7,2,333,639,2944,2
865,0,1.2,1,8,0,59,159,3,9,805,1804,2361,2
1930,1,2,0,11,0,16,186,8,12,1901,1920,1783,2
860,1,1.3,1,8,1,40,170,3,13,1573,1581,2832,2
1268,1,2.9,0,9,1,42,182,6,17,360,912,931,0
999,1,1.8,1,0,1,27,167,4,1,20,745,1344,0
622,0,0.7,0,0,1,9,127,2,0,98,511,3916,2
1250,1,1.4,0,8,0,44,182,7,20,703,1011,1882,1
763,1,0.5,0,9,1,51,104,5,12,273,1278,2865,2
1100,1,1.6,0,12,0,15,112,8,14,919,1344,757,0
815,0,2,1,4,0,51,85,6,12,982,1291,3469,3
618,1,0.5,1,2,1,57,88,3,7,879,896,2399,1
553,1,2.2,1,0,1,18,136,2,1,1287,1892,3300,3
673,1,2.2,1,2,0,3,84,2,9,1109,1247,2719,2
563,0,2,1,3,0,47,115,7,12,211,684,3012,2
1590,0,1.5,1,12,1,14,187,4,15,1058,1109,2836,3
1031,1,2.1,1,2,1,11,121,2,9,532,1247,2385,2
909,1,0.5,1,9,0,30,97,3,10,290,773,594,0
1880,0,0.5,0,0,1,7,104,4,1,890,1019,2968,3
1479,1,1.8,1,0,1,24,146,6,0,327,645,3762,3
1271,0,1.5,1,0,0,2,161,1,1,1260,1788,892,1
709,0,1.9,0,11,1,13,81,8,15,570,1422,467,0
1744,0,2.8,0,0,1,62,158,1,0,621,1558,345,0
1314,1,2.2,0,0,1,40,116,7,1,328,1858,3033,3
1136,0,0.5,0,0,1,9,150,6,2,1307,1767,2110,2
1039,1,2.7,0,11,0,56,125,8,13,497,618,3105,2
1300,1,0.5,0,5,0,62,156,6,7,219,1037,874,0
732,1,2.3,1,7,1,39,188,7,11,1163,1554,3681,3
511,0,0.7,1,1,1,52,180,2,10,24,759,3865,2
1092,1,0.5,1,10,0,11,167,3,14,468,571,737,0
921,1,2.2,1,12,1,10,170,7,18,1272,1469,3153,3
1030,1,0.5,0,4,1,37,147,1,8,503,551,2800,2
1130,0,1.8,1,0,0,27,101,1,8,1495,1579,315,0
1299,0,2.8,1,2,0,60,187,8,6,1333,1838,1412,1
1009,1,2.8,1,7,1,2,115,7,15,267,1841,2286,2
1735,0,1.8,1,16,0,34,140,2,17,149,876,2392,2
1129,1,2.8,1,0,0,49,185,2,2,1070,1079,1857,1
708,0,1.9,0,0,0,26,116,7,1,206,620,1419,0
894,0,0.7,0,2,1,58,123,2,3,158,747,3305,2
530,0,2.4,0,1,0,32,88,6,20,48,1012,959,0
1481,1,2,1,0,0,35,105,3,0,249,522,2635,2
1068,0,2.7,1,0,1,45,194,5,1,935,1499,1754,1
1487,0,0.5,0,6,1,57,84,3,12,140,768,2563,2
1524,0,2.5,1,11,1,41,96,4,20,184,740,1936,1
1093,0,1.9,1,2,1,22,196,8,14,238,807,1869,1
1816,1,1.6,1,0,0,50,186,5,2,800,1089,3637,3
627,0,1.8,0,2,0,20,142,3,8,211,507,896,0
989,1,0.7,0,13,1,51,132,3,15,670,804,2349,1
1895,0,0.5,0,2,1,5,134,1,11,725,1335,774,1
805,1,1.7,1,0,1,58,168,3,10,81,1544,3397,2
713,1,1.6,0,7,1,2,181,8,9,1211,1378,485,0
864,0,2.5,0,10,1,24,148,4,15,1362,1378,3964,3
1177,0,0.9,0,1,0,11,181,4,7,945,1923,1887,1
582,0,0.5,0,8,0,32,107,3,11,1043,1702,2977,2
1898,0,1.8,1,3,1,56,185,7,4,444,739,2114,2
1158,0,0.7,1,1,1,29,123,2,20,311,1796,1542,1
1451,1,0.5,0,5,1,57,181,8,12,812,1456,3038,3
1820,1,1.4,0,5,0,51,163,7,10,202,1884,2481,2
984,0,0.5,1,3,1,9,140,3,20,531,707,841,0
580,1,2.1,1,0,0,24,135,4,5,404,898,3565,2
1263,1,2,0,0,0,5,146,6,3,954,1609,1958,2
1237,0,0.5,0,2,0,27,87,8,5,274,603,2454,2
514,1,1.6,0,7,1,37,172,1,9,956,1723,3392,3
1515,0,2.6,0,0,1,56,184,3,1,1438,1593,262,0
721,0,0.5,1,6,1,6,194,4,9,1446,1988,530,0
603,1,2.5,1,3,0,35,126,3,16,692,1057,3703,3
1426,1,2.5,0,2,1,55,109,1,7,777,1032,2562,2
1820,1,1.7,1,0,1,64,161,1,3,1157,1951,574,1
1215,0,1,0,4,0,16,130,4,8,454,1473,2632,2
697,0,2.7,1,5,1,20,173,2,6,478,1477,259,0
717,1,0.5,1,4,0,10,198,1,5,217,1106,688,0
1348,1,2,1,5,0,36,145,6,6,468,741,2554,2
1164,1,2.6,1,0,0,61,88,1,6,1107,1656,3859,3
578,1,0.5,0,9,1,62,170,5,13,626,1134,2977,2
1971,1,0.5,1,0,0,40,186,7,19,485,922,571,0
1794,1,0.5,1,5,1,55,86,7,7,43,627,402,0
1558,1,2.5,0,2,1,32,114,5,3,322,1385,878,0
1597,1,0.9,0,4,1,4,85,1,19,880,1145,2130,2
1240,0,1.6,0,0,0,39,146,2,9,1511,1756,3260,3
1994,1,0.8,1,2,1,7,88,8,4,667,711,454,0
1221,0,2.3,0,7,1,35,152,7,19,765,1899,2638,2
989,1,1.6,1,11,1,24,156,8,17,614,679,2819,2
1180,1,1.2,0,5,1,50,144,4,20,925,1252,1464,1
718,0,2.8,0,10,0,59,113,6,13,1185,1387,1824,1
1670,1,1.6,1,0,0,47,139,8,15,1706,1886,876,1
534,1,2.5,0,1,1,21,164,7,9,347,1477,2706,2
1566,1,0.5,1,0,0,20,126,2,0,1603,1930,659,1
1935,0,0.5,0,0,1,29,124,5,9,806,860,455,0
504,1,2.8,1,2,0,54,163,2,10,1207,1539,2378,2
913,0,1.7,1,1,1,41,103,1,14,431,1144,2278,1
1317,0,1.8,1,2,0,43,113,5,3,179,613,3436,3
917,1,0.5,0,1,1,31,88,6,2,423,909,3424,3
712,0,2.5,1,1,0,49,99,6,3,1131,1743,401,0
1083,0,1,0,6,0,52,126,2,20,925,1469,681,0
1039,0,0.6,0,5,1,6,136,6,8,62,544,3212,2
1747,0,0.5,0,4,0,13,185,6,12,800,873,3105,3
1449,1,0.5,1,0,0,52,105,6,0,211,947,2036,1
1872,1,0.5,1,14,0,49,139,7,18,81,1389,3153,3
1796,0,1.6,1,5,0,7,101,4,6,667,798,1642,1
1097,0,1.4,0,0,0,60,181,1,17,405,519,509,0
1562,0,0.5,1,1,1,20,172,8,10,678,1676,3465,3
1433,1,2.3,0,8,1,27,153,7,12,1619,1651,3900,3
740,0,1.8,0,1,0,12,123,1,11,935,1147,1105,0
676,0,2.2,0,1,1,39,84,1,5,864,1011,2064,1
503,1,1.8,1,1,1,13,131,1,4,1495,1688,3117,3
1020,0,1.5,0,13,1,7,96,3,18,870,1613,1142,1
896,0,1,1,3,1,4,111,1,4,1379,1469,1060,1
1824,1,0.8,0,4,1,19,143,2,5,1055,1738,2381,2
1512,0,0.6,1,1,1,54,134,3,2,220,1838,3366,3
1053,0,2.9,0,7,0,42,126,6,17,419,1261,1339,0
1944,1,1.8,1,0,1,31,87,4,10,1111,1362,2560,3
1174,0,0.7,1,1,1,25,91,2,8,1097,1461,285,0
627,1,1.6,1,3,1,12,131,7,17,447,819,2476,1
1602,0,2.7,0,4,1,46,118,1,5,273,1062,1862,1
1733,1,1.5,1,4,1,6,170,1,15,590,997,3488,3
586,0,1.4,1,10,1,8,142,8,14,116,598,3178,2
1528,0,2.4,0,2,0,37,156,8,3,306,564,733,0
875,0,0.7,0,2,0,23,110,7,7,300,1316,756,0
1602,0,0.6,0,12,0,58,170,1,13,1259,1746,3622,3
1426,0,1.6,0,4,1,12,174,5,16,1573,1694,1277,1
1370,0,1.4,0,5,1,6,158,6,8,1392,1783,3703,3
609,1,0.5,0,4,1,10,81,6,6,113,1524,1905,1
840,0,1.2,1,5,1,15,178,6,8,526,1728,2636,2
991,0,2,0,2,1,12,158,5,6,1209,1678,2014,2
1724,1,1.8,0,0,1,9,100,2,1,655,828,3056,3
584,1,1.8,0,0,1,19,168,3,0,1123,1622,465,0
860,1,1.3,1,1,1,49,141,6,13,692,979,3869,3
1541,1,2.8,1,10,1,28,165,5,15,796,1052,1108,1
615,1,0.5,1,7,0,58,130,5,8,1021,1958,1906,1
912,1,2.8,1,6,1,46,84,4,11,995,1310,851,0
1278,1,1.2,0,10,1,60,172,7,14,1244,1504,3142,3
1365,0,0.6,0,0,1,31,125,4,0,293,970,1300,0
1702,0,1,0,7,0,36,177,5,9,1240,1931,1430,2
589,1,0.5,0,1,1,59,146,8,4,759,1858,362,0
1347,0,1.5,1,10,0,56,95,1,19,398,1528,2456,2
1644,0,2.8,0,0,1,44,137,8,0,358,791,2360,2
956,0,1.9,1,1,0,42,133,7,11,403,1614,3700,3
1089,0,1.4,1,10,0,2,153,7,20,211,1409,2620,2
871,0,0.6,0,2,0,52,178,3,3,194,1437,437,0
664,0,1.5,0,5,1,6,164,2,19,1076,1472,3774,3
1874,1,0.6,0,1,0,19,192,2,9,1238,1418,1218,1
1928,0,2.6,0,5,0,5,162,5,16,229,1004,696,0
888,0,2.6,1,2,1,33,198,2,17,327,1683,3407,3
1077,1,1.7,1,1,0,58,86,7,13,135,1892,3902,3
1023,1,2.3,1,5,1,30,80,8,7,5,1744,2086,1
1426,1,0.8,0,2,1,42,84,3,10,715,1163,1356,1
831,0,1.7,1,7,1,26,177,5,11,511,621,1704,0
1496,1,1.3,1,0,1,6,85,3,9,549,1383,3571,3
1433,1,2.3,0,2,1,5,129,5,11,420,784,2132,1
1095,1,2.6,1,0,1,44,103,4,5,838,1066,3209,3
643,1,0.7,1,3,1,23,156,1,9,314,1400,2096,1
1142,1,1.1,0,0,1,6,198,4,0,739,1766,1273,1
730,1,0.5,1,3,1,27,112,5,10,62,846,3623,2
1901,1,0.5,0,5,1,41,131,2,17,3,1662,368,0
1510,0,0.6,1,1,0,32,135,3,8,963,1520,854,1
1924,0,2.6,0,0,1,59,136,6,0,1438,1923,3646,3
1825,0,1.1,1,13,1,17,157,4,18,1621,1773,3130,3
1275,1,0.5,1,3,1,5,152,1,9,19,501,3784,3
987,1,2.3,0,9,0,17,124,7,17,887,1274,3885,3
1538,1,2.3,0,6,1,13,121,7,7,567,986,1494,1
1965,1,0.5,0,4,1,29,149,5,13,584,676,2973,3
808,0,1.9,0,7,0,20,185,6,14,496,974,1471,0
712,0,0.5,0,6,0,27,86,2,11,1245,1309,2001,1
1507,1,0.9,1,0,1,42,123,5,0,682,888,1486,1
912,0,0.7,0,3,0,47,182,3,6,724,794,1321,0
769,1,1.2,0,2,0,17,95,8,4,1384,1454,1877,1
948,0,2.3,0,14,0,22,173,5,20,257,1654,3499,3
507,1,1.9,1,0,1,39,142,1,0,17,1084,2124,1
1384,1,2.8,1,15,0,60,82,3,18,983,1210,1221,1
1766,1,1.3,0,1,0,29,194,8,20,439,1306,2316,2
1407,0,1.8,1,5,1,16,170,4,6,925,1206,1068,1
614,0,2.9,1,3,1,24,94,4,7,409,603,1930,1
1972,0,2.9,0,9,0,14,196,7,18,293,952,1316,1
1039,0,0.5,1,8,0,47,130,8,9,384,1878,1742,1
511,1,3,1,5,1,34,125,8,13,149,1285,3265,2
1811,1,2.5,0,4,1,5,98,4,16,447,568,2700,2
1159,0,1.5,0,3,0,36,104,4,8,717,1206,2115,2
1848,0,1.3,1,7,0,12,178,2,19,195,533,3915,3
1988,1,0.5,0,0,1,16,94,8,1,153,696,3144,3
1469,0,0.5,0,3,1,58,150,7,8,1699,1850,1571,2
1423,0,0.6,0,12,0,44,131,5,13,501,640,2253,1
1974,0,0.5,1,9,0,10,145,6,12,530,1496,1433,1
835,0,0.8,1,2,1,42,128,5,18,396,1378,2583,2
1429,0,0.6,0,8,0,42,151,5,9,670,1552,1817,1
947,1,0.5,0,1,1,51,144,2,15,193,887,2915,2
1446,1,2.8,1,0,1,18,178,8,1,351,1769,3340,3
1332,0,1.3,1,5,1,7,168,7,19,846,855,2790,2
1498,1,1.2,1,0,1,14,191,4,1,111,1167,577,0
1576,1,0.9,1,0,1,14,173,2,4,1213,1386,3220,3
1398,0,1.6,1,8,1,26,150,1,12,755,1284,3488,3
1885,0,2.4,1,12,1,14,92,4,15,1406,1517,1277,1
798,1,0.5,1,7,0,2,148,2,15,497,627,3593,2
1436,0,2.5,1,0,1,42,124,8,1,1826,1836,2736,3
1998,1,1.2,0,8,0,31,196,8,19,50,1356,2311,2
1321,1,1.3,0,0,1,63,109,8,9,817,941,1464,1
1021,0,1.3,0,7,0,9,192,2,12,901,1793,1355,1
1339,1,2.3,1,0,0,40,123,2,1,212,1269,2382,2
1210,1,1.6,1,9,0,57,111,4,20,329,1039,1886,1
1949,1,0.5,1,2,1,31,145,5,9,837,1182,832,1
882,0,0.7,1,9,1,28,151,6,16,248,884,751,0
1549,1,1.5,1,0,1,27,113,5,7,632,1162,436,0
1991,0,2.2,1,1,1,42,82,1,13,366,613,722,0
796,0,0.5,0,2,0,12,114,1,8,174,518,1075,0
1012,0,0.5,1,4,0,39,161,4,6,882,1195,2802,2
1318,0,1.9,1,0,1,11,188,2,15,688,1591,1780,1
1708,0,0.8,0,8,1,14,197,4,16,263,1345,1247,1
598,1,0.8,1,8,1,62,117,8,9,118,764,3066,2
541,1,2.3,0,4,0,51,200,8,17,1012,1226,403,0
818,0,0.5,1,2,1,23,192,5,17,586,1552,2518,2
1414,0,0.5,0,0,1,15,168,2,0,294,1233,1069,0
601,1,1.7,1,3,1,6,169,4,11,818,1827,2651,2
561,1,2.8,1,2,1,40,99,7,6,426,865,2974,2
1616,1,2.3,1,3,0,52,100,5,8,151,1133,657,0
1263,1,1.4,1,1,1,32,103,2,2,409,644,3372,3
1604,1,1.9,1,0,1,63,93,5,2,641,1156,1464,1
539,0,2,1,1,0,24,86,4,2,958,967,1326,0
1071,0,2.6,0,0,0,49,199,4,5,1328,1970,3393,3
826,0,0.5,1,0,1,57,135,2,0,354,530,323,0
771,0,2.9,0,2,0,62,106,1,8,1709,1781,1628,1
1811,0,2.9,0,0,0,33,132,8,2,1099,1553,2610,3
1842,1,2.2,1,7,0,56,179,4,10,783,1227,3721,3
1420,0,2.8,1,1,0,50,100,8,8,194,1393,763,0
1763,0,0.5,1,12,0,10,184,3,19,238,1893,792,0
1163,1,1.9,0,6,0,2,133,5,20,919,1076,1568,1
1805,1,0.5,0,0,0,29,182,4,2,758,891,1276,1
610,1,1.6,1,9,0,52,90,4,19,1039,1273,3472,3
1533,1,1.1,1,18,1,17,160,4,20,1054,1393,2520,2
1924,0,0.5,0,3,1,63,111,2,10,122,686,3423,3
1801,0,0.5,1,6,0,52,120,6,10,100,1708,258,0
1726,1,1.9,0,1,1,42,106,5,3,1221,1804,1868,2
794,0,2.5,1,15,0,14,197,3,19,312,1376,2171,1
1686,1,0.5,1,4,0,28,182,5,8,599,1073,780,0
1444,1,2.1,1,0,0,6,103,1,1,1274,1340,712,0
1004,0,1.6,1,0,1,30,160,8,1,62,581,1012,0
1242,1,2.4,0,8,0,28,166,4,9,315,1796,318,0
539,0,1.5,0,6,1,26,137,6,8,1123,1709,3948,3
717,0,1.1,1,2,1,14,99,8,6,1878,1981,629,0
1540,0,0.7,1,0,1,29,157,7,1,318,831,1161,0
672,0,0.5,0,7,1,35,99,8,17,574,1267,1403,0
1325,1,0.5,0,0,1,13,133,4,8,1353,1915,3707,3
950,0,0.5,0,6,1,55,124,8,7,86,1681,1305,0
948,0,1.5,1,6,0,18,119,4,7,340,1728,2926,2
1328,1,0.5,0,5,1,27,144,3,18,602,1156,2674,2
1447,0,0.5,0,3,0,40,184,2,5,963,1062,471,0
1973,1,0.5,1,3,0,21,95,8,7,127,507,1724,1
1731,1,2.3,1,18,0,60,171,4,20,142,1039,1220,1
1617,0,1.5,0,1,1,63,111,2,10,274,1079,2754,2
1791,1,0.5,1,1,1,33,110,5,4,371,682,594,0
851,0,2.3,1,7,1,54,101,2,9,788,1007,1005,0
856,0,1.9,1,0,1,14,115,1,7,395,1027,2439,1
714,1,0.5,0,1,0,30,145,4,2,643,1527,2302,1
951,0,0.5,0,6,1,15,81,2,17,854,935,1083,0
1303,1,2.1,0,6,1,10,109,8,15,1335,1873,2219,2
1550,1,2.7,0,2,0,32,126,7,5,1541,1619,1571,2
1759,1,1.4,0,10,1,15,101,4,13,382,1163,2107,2
1448,0,0.5,1,18,0,2,100,5,19,846,1144,593,0
1987,1,1.9,0,0,0,50,119,8,18,960,1925,857,1
908,0,2.1,0,1,0,44,95,5,2,154,941,3518,3
820,0,0.5,1,2,0,58,160,4,4,468,694,1284,0
904,0,2.7,1,4,0,19,147,6,7,1094,1496,545,0
667,0,1.3,1,4,1,6,149,6,10,272,870,3566,2
1109,0,2.1,0,1,0,34,173,1,4,165,1103,2821,2
1333,0,1.4,0,3,1,59,183,7,5,394,1301,3442,3
1352,0,2.4,0,5,1,6,92,6,9,629,1299,1309,1
1600,0,2.5,1,1,0,19,88,6,9,831,1713,1179,1
1454,0,1.4,1,8,0,37,80,8,20,903,910,1713,1
1489,0,2.1,1,0,0,9,169,3,1,923,1759,1663,1
1823,0,2.8,1,11,0,10,81,8,19,362,1250,1812,2
1581,1,1,0,9,0,41,172,4,19,693,850,1384,1
1672,1,1.7,1,1,1,44,172,8,4,1250,1435,1348,1
1283,1,0.7,1,0,1,27,80,4,6,1135,1923,3957,3
630,0,2,0,9,1,14,180,8,13,66,1448,1212,0
659,0,2.2,0,0,1,24,151,8,2,924,1877,3925,3
1811,1,0.5,1,0,0,32,115,6,0,204,1132,348,0
688,1,2.5,0,9,0,40,109,5,20,376,1957,1382,1
514,1,2.9,1,5,0,18,141,2,8,1083,1492,980,0
1933,0,2.8,1,1,0,16,154,3,9,229,1473,838,0
915,0,2,0,8,1,31,91,3,20,875,1316,378,0
1006,0,2.2,1,4,1,22,135,4,8,35,991,909,0
1134,1,0.9,0,2,1,13,92,4,19,18,903,3632,3
599,1,2.9,0,0,1,64,186,8,1,103,646,3396,2
973,0,0.5,1,5,0,53,196,5,7,105,588,1861,1
1180,1,2.5,0,0,1,27,90,6,1,168,540,348,0
1237,1,2.5,0,7,0,13,98,4,12,18,1004,2528,2
659,0,0.5,1,7,1,5,169,8,10,659,730,2190,1
1142,1,1.4,1,6,0,6,190,8,8,534,855,663,0
1002,0,2.7,1,16,1,11,185,6,18,285,512,961,0
1392,0,2.5,0,0,1,44,113,4,2,482,1098,1280,1
602,0,0.9,0,9,0,50,141,8,18,1571,1717,2189,2
1249,1,0.5,0,3,1,55,140,3,8,605,1193,531,0
531,1,0.5,1,0,1,12,121,4,3,158,1657,2331,1
1450,0,2.1,0,1,0,31,114,5,4,1573,1639,794,1
1342,0,2.8,0,1,0,50,173,1,8,127,620,2644,2
832,1,0.5,0,5,1,22,198,1,8,343,1431,1666,1
867,1,1.5,0,0,1,57,159,4,0,289,724,2157,1
1404,0,2.1,0,16,0,44,151,1,20,1703,1880,1196,1
840,0,0.9,1,6,0,33,150,6,7,1482,1591,2072,2
1368,0,0.5,0,10,1,42,91,1,20,907,925,1590,1
1927,0,0.9,1,3,0,11,190,8,12,491,1506,2916,3
1714,0,0.5,1,7,0,31,120,2,10,287,627,3707,3
1201,1,0.5,0,1,1,10,198,6,5,1151,1723,726,0
1796,1,2.3,0,4,0,44,184,2,11,1024,1363,3577,3
1147,0,0.8,1,11,0,28,158,6,13,1085,1134,2627,2
776,1,1.7,0,0,1,20,146,4,9,991,1803,685,0
510,0,2.6,0,0,0,33,110,6,10,1052,1897,1693,1
1045,1,1.2,1,3,1,40,175,6,7,1078,1564,2137,2
1497,1,0.9,1,4,1,10,153,8,20,98,977,3696,3
1425,1,0.6,0,0,1,33,89,3,2,396,1648,3771,3
726,0,2.2,0,0,1,40,94,4,20,323,978,1342,0
1576,1,2,0,0,1,20,148,3,0,410,1551,1379,1
714,1,2.1,1,5,1,11,197,3,6,1750,1857,1164,1
1595,0,1.9,1,1,0,63,88,1,20,1475,1988,908,1
541,0,1,0,0,1,10,127,4,0,1836,1873,1019,1
1617,1,2.6,0,14,0,29,113,6,20,283,676,3685,3
1154,0,1.1,1,2,1,5,98,1,13,539,1240,1470,1
1638,0,1,0,6,0,2,189,1,11,440,563,2299,2
1150,1,2.7,0,0,0,39,151,8,1,397,800,999,0
1254,1,2.3,0,0,1,44,149,1,10,204,1021,3011,2
1806,1,2,1,2,1,54,117,1,11,347,727,3142,3
603,0,1.5,0,8,0,12,114,6,20,1003,1284,1543,1
1834,0,2.1,0,7,1,40,99,4,11,0,1987,3692,3
520,0,2.3,0,0,1,31,145,6,14,264,519,2753,1
565,0,0.6,1,1,0,50,158,2,8,543,703,2156,1
1689,1,0.5,0,11,0,9,150,5,15,467,675,2637,2
742,1,2.3,0,0,0,21,104,8,1,875,925,331,0
1143,0,1.2,1,1,1,22,125,3,6,1116,1724,1214,1
761,1,0.5,0,9,0,3,196,7,15,1325,1945,2248,2
959,1,1.3,1,0,0,36,196,5,14,1313,1331,3073,3
772,1,1.2,1,7,1,8,134,7,8,552,1802,422,0
1015,1,0.8,0,5,0,12,102,3,14,335,679,2293,1
1824,1,1.9,1,9,1,2,103,1,14,50,1105,3958,3
1130,1,0.5,1,1,1,29,130,1,14,593,1327,432,0
1183,1,0.5,1,3,1,48,120,8,12,268,1010,1152,0
574,1,2,1,0,1,26,118,6,2,382,1364,1303,0
1472,0,3,0,4,1,20,169,2,6,443,892,797,0
1868,1,0.5,0,2,1,40,179,8,17,576,884,298,0
1375,0,2.9,0,2,0,20,147,6,7,596,679,3847,3
881,0,1,0,1,0,64,160,3,6,115,636,2110,1
1742,1,0.5,1,5,1,43,176,3,7,356,1407,1921,2
1225,0,0.7,1,6,0,60,107,2,15,10,1567,2423,2
1970,1,0.5,1,0,1,15,132,2,0,1399,1684,1658,2
1186,1,0.5,1,2,0,21,160,8,4,68,584,2361,1
1762,0,0.7,0,7,0,60,157,4,10,643,790,1380,1
1731,1,1.4,1,4,1,4,163,6,18,809,1988,3892,3
852,0,1.8,1,5,1,8,160,5,9,683,1349,315,0
848,1,1.5,1,4,1,36,151,4,16,56,527,2289,1
1575,0,2.5,1,0,1,11,185,7,20,492,818,2182,2
1554,0,2.8,1,7,0,23,105,6,18,699,1492,2184,2
1972,1,1.6,0,0,0,48,92,8,2,290,804,2872,3
827,1,0.6,1,9,1,35,87,6,17,23,826,2367,1
1063,0,1.5,0,7,0,3,155,4,10,394,849,1919,1
1695,0,2.3,1,1,0,34,84,5,10,713,1742,3296,3
1343,0,2.4,1,5,1,14,81,8,10,1063,1205,462,0
834,0,0.5,0,2,1,27,123,1,16,1421,1463,1591,1
595,0,2.6,0,0,1,20,122,2,18,623,816,1593,0
1081,1,1.9,1,13,1,42,101,7,17,83,816,2456,1
911,0,1.4,1,3,0,14,199,4,4,1563,1692,2933,3
844,0,2.2,1,1,1,22,197,7,2,777,1995,3154,3
1335,1,3,0,3,0,60,180,2,4,83,559,3615,3
1883,0,1.6,0,9,0,24,87,1,16,203,915,3563,3
1128,1,0.5,1,6,0,33,147,8,7,938,1226,1440,1
826,1,2.4,1,14,1,57,117,2,17,1077,1183,1907,1
1650,0,2.3,0,0,1,38,89,1,1,773,881,324,0
1162,0,1,0,0,0,50,104,4,10,332,866,1404,1
1517,0,2.5,0,2,1,8,169,4,18,570,1645,2738,2
963,0,0.5,0,1,1,60,156,3,3,742,821,2722,2
1837,0,1,1,5,1,12,103,8,6,1420,1539,2294,3
1028,1,2.8,0,1,1,30,193,1,10,1801,1923,1424,1
1831,1,2.2,1,4,0,55,189,8,9,1693,1790,1133,1
571,1,2,1,5,1,58,101,6,11,31,1536,555,0
1770,1,2.3,0,0,0,9,183,6,5,1098,1373,3785,3
970,1,1.3,1,5,0,59,84,7,19,1765,1786,3675,3
642,1,0.5,0,0,1,38,86,5,10,887,1775,435,0
622,1,1.9,1,12,0,11,193,8,14,760,1964,3183,2
600,1,1.8,0,9,1,6,199,2,15,486,1032,3495,2
1412,0,0.6,0,9,0,57,86,3,10,2,660,1853,1
733,0,0.8,0,7,0,16,138,4,12,202,1787,2648,2
1070,1,3,0,9,0,19,160,7,16,90,1614,2647,2
875,1,0.7,1,1,0,30,146,8,8,469,853,702,0
1994,1,0.7,0,5,0,5,189,2,7,86,1546,1836,2
823,0,1,1,9,1,18,182,5,16,1180,1350,3894,3
1908,0,0.5,0,9,1,30,111,2,19,140,1046,2944,3
790,0,0.5,1,7,1,44,89,8,8,1100,1437,3424,3
1330,1,1.8,1,1,0,40,177,1,5,194,892,2678,2
1660,0,0.5,0,2,1,15,100,8,8,440,569,2424,2
1776,0,2.2,0,2,0,20,82,6,16,1563,1803,2671,3
1611,0,0.5,1,4,1,27,199,1,10,163,1011,3078,2
1410,1,0.5,1,0,1,15,92,3,1,192,1311,2304,2
1772,1,1.6,0,17,1,45,159,2,18,837,1405,1146,1
1280,1,1.3,0,0,1,39,108,7,1,356,588,2335,1
1712,1,0.9,1,2,0,23,155,7,19,155,663,1422,1
1562,1,0.7,0,0,0,55,140,8,1,1032,1776,2096,2
891,0,1.9,1,1,1,18,153,6,3,40,1435,1303,0
1957,0,1.2,1,18,1,36,151,2,19,1194,1727,1115,1
1110,0,0.6,0,1,0,42,192,5,2,1179,1262,456,0
875,1,1.4,1,1,1,43,104,8,3,902,969,3396,3
1211,1,1.2,0,0,0,28,130,2,3,58,963,2750,2
769,0,0.5,1,12,1,54,112,4,19,1385,1780,941,0
671,0,2.9,0,7,1,2,95,6,19,614,1617,2278,2
1872,0,0.5,0,5,1,26,172,4,10,672,1088,2273,2
1076,0,2.3,1,0,1,14,191,5,0,1088,1718,2355,2
1325,0,1.9,0,2,0,50,146,1,10,499,695,2328,2
911,1,2.2,1,1,1,28,182,2,2,157,763,2638,1
1273,1,0.7,0,1,0,23,178,6,14,485,1399,558,0
1062,0,0.5,0,3,1,39,124,4,4,571,817,1345,0
1317,0,1.5,0,6,0,12,154,2,9,431,542,425,0
940,0,2.9,0,0,0,16,115,4,1,499,1090,2192,1
729,1,2,0,0,0,14,135,6,2,563,1055,3397,2
1494,0,2.4,0,6,1,3,93,7,17,944,1003,1208,1
1546,1,1.6,1,2,1,27,124,2,6,1138,1491,267,0
1253,0,0.7,0,0,1,34,113,4,10,161,647,3518,3
895,0,0.5,1,6,0,16,164,8,14,126,1575,3122,2
793,1,1.9,1,0,1,43,124,8,2,15,1196,1050,0
1628,1,1.8,1,11,0,56,136,2,13,500,1713,3358,3
625,0,2.7,1,2,0,42,138,8,3,203,1771,2929,2
1110,0,1.5,0,2,1,12,153,8,5,961,1950,624,0
999,0,1.7,0,6,0,49,132,1,17,608,1970,1598,1
1856,0,0.5,1,0,1,24,155,5,1,277,1155,2052,2
1715,0,2.6,1,9,1,15,120,6,20,114,1849,1249,1
1897,1,1.9,0,2,1,54,154,2,7,630,738,412,0
1202,1,2.4,1,0,0,19,122,2,1,404,1742,595,0
1171,1,1.7,1,2,0,19,167,7,19,248,755,263,0
964,0,2,0,0,1,22,86,8,0,225,1234,2577,2
1973,1,2.4,1,6,0,46,193,4,10,699,851,639,0
1992,1,0.6,1,11,0,2,141,1,14,649,895,3206,3
546,1,2.6,1,5,0,26,159,5,15,416,1658,1550,1
1093,0,0.5,0,1,1,31,171,2,12,1310,1420,1646,1
1880,1,2,0,11,0,35,200,4,14,930,1983,1930,2
1765,0,1.1,0,3,0,11,87,2,7,835,1175,3695,3
1640,0,0.5,1,1,1,36,87,8,11,664,1806,3235,3
1830,0,0.5,0,0,0,7,191,6,12,460,1583,2334,2
826,0,0.6,0,3,0,62,187,4,19,778,1615,1998,1
1864,0,2.2,0,0,1,7,142,1,2,225,1545,2258,2
586,1,0.6,0,16,1,42,121,7,17,785,1118,1869,1
1206,0,3,1,10,1,30,127,3,13,1581,1713,1825,2
832,1,0.5,1,1,1,5,165,5,2,9,1944,3946,3
848,1,2.8,0,1,0,8,103,7,3,7,1294,436,0
1851,0,2.9,0,0,0,53,112,6,2,174,1175,2678,2
1166,1,0.5,0,7,0,59,80,1,11,437,638,3887,3
1776,1,2.1,1,10,0,35,172,4,16,278,623,1813,1
1254,1,1.2,0,2,1,27,134,2,10,1288,1372,817,0
1494,0,1.6,1,4,1,24,101,1,17,979,1190,3614,3
984,1,2.2,1,0,1,39,119,8,18,56,1931,2013,1
1179,1,0.8,0,1,0,5,154,5,17,913,1429,543,0
513,0,1.9,0,8,0,27,174,8,13,282,710,3400,2
557,0,0.5,1,3,0,17,89,6,4,322,710,2623,1
744,0,1.7,1,0,1,33,105,4,2,1252,1963,2700,2
1129,1,0.8,1,9,1,21,116,2,10,1128,1702,1400,1
1148,0,2.3,1,0,1,58,170,5,20,606,688,3127,2
1793,0,2.7,0,12,1,44,175,5,17,655,1459,2803,3
1310,0,2.3,1,3,0,15,150,5,11,954,970,2518,2
1604,0,1.2,0,1,0,6,191,6,15,68,1042,3564,3
1676,0,1.6,0,2,0,37,145,1,3,134,1197,2515,2
1001,0,2.8,1,1,0,40,117,3,7,922,1836,3654,3
1086,0,2.7,0,0,1,24,135,8,19,1874,1976,3930,3
1986,1,0.5,1,7,1,39,89,7,19,251,599,3476,3
634,1,0.8,0,5,0,41,192,1,12,1362,1853,3242,3
502,0,0.8,0,7,0,52,82,6,8,281,1159,2666,2
1641,0,1.1,0,6,0,48,97,8,7,224,1994,1695,2
623,0,1.4,1,0,1,15,189,3,1,778,844,3510,2
962,1,1.1,1,3,0,17,161,8,20,546,1424,3438,3
1057,1,2.7,0,3,1,41,97,4,10,397,891,2033,1
1862,0,1.5,0,1,0,62,182,1,2,386,1046,1017,1
555,1,3,1,5,1,38,193,2,10,214,1970,1686,1
1000,0,2.7,0,1,1,58,135,5,12,461,833,862,0
841,0,0.5,0,6,1,11,81,5,14,125,675,957,0
865,0,2.9,0,5,0,16,89,4,12,335,1009,3494,3
999,0,2.6,1,11,1,56,165,4,13,342,1641,3083,2
1232,0,1.2,0,12,0,30,131,6,14,625,761,1656,1
1194,0,2.3,0,6,1,34,165,2,12,494,509,313,0
612,1,0.5,1,1,1,20,179,8,6,1145,1487,3282,3
1362,1,2.9,0,0,0,47,186,6,4,600,1042,3629,3
1469,0,1.7,1,11,1,44,169,2,14,484,711,1687,1
986,1,0.8,0,13,1,28,182,4,20,199,679,1149,0
1843,0,2.8,0,1,1,62,104,3,7,21,832,3899,3
1561,0,0.5,1,10,1,4,134,2,13,885,1811,1783,2
1695,1,0.5,1,2,1,47,189,5,13,308,1208,1629,1
667,0,2.6,1,3,0,8,185,1,7,1015,1947,2528,2
1768,1,2,0,0,1,2,88,7,2,1303,1814,3256,3
1269,1,2.8,1,16,0,41,180,8,17,406,1036,2341,2
1109,1,2.8,1,6,0,57,151,1,12,124,833,2785,2
936,0,0.5,1,14,1,14,164,3,17,150,1677,3761,3
1713,1,2,0,9,1,5,199,6,16,108,1963,1513,1
1175,1,1.7,1,1,1,45,167,2,7,90,557,2240,1
1940,1,1,1,0,1,5,194,4,1,588,1809,820,1
855,1,0.5,0,2,1,59,159,2,3,1028,1196,1875,1
771,1,0.5,1,0,1,33,157,3,17,776,1247,920,0
645,0,2.5,0,10,1,63,174,4,14,278,584,3615,2
1307,0,1.8,0,2,0,7,88,7,3,897,1103,1412,1
1948,0,2.9,1,4,0,5,136,1,13,651,700,361,0
1509,0,0.6,1,5,0,50,81,4,8,1010,1684,1540,1
626,1,2.8,1,3,1,11,109,2,9,737,1759,1077,0
1190,0,2,1,0,0,40,93,5,1,1399,1646,3610,3
1727,1,2.1,1,10,0,57,158,6,18,376,1288,512,0
1670,1,3,0,14,0,62,114,8,20,1117,1330,3024,3
1150,1,0.5,1,4,1,27,134,1,17,234,1947,1610,1
1208,0,2.9,0,5,1,16,175,1,19,691,1028,2201,1
1812,1,1.3,1,4,1,42,162,7,15,380,1550,3338,3
770,1,1.5,1,6,0,61,196,4,9,603,1483,3473,3
1559,1,1.3,1,10,1,10,114,8,17,117,681,2203,1
1902,0,0.5,0,10,0,13,155,4,11,766,877,940,1
1751,0,2.5,0,1,0,4,146,8,9,1499,1952,1155,1
1416,1,1.8,1,0,0,20,93,4,0,1175,1578,3872,3
1288,0,0.5,1,3,1,61,115,6,6,988,1503,1882,2
1003,1,2.9,0,16,1,16,119,8,19,190,1905,1798,1
1715,1,0.5,1,1,1,18,96,6,3,674,1375,2598,3
1967,0,0.5,0,0,1,46,199,1,7,518,1374,1567,1
962,0,1,1,14,0,2,125,1,20,1618,1916,1491,1
1487,0,1.5,0,5,1,42,120,2,7,857,989,2003,2
1569,1,1.6,1,4,1,54,190,4,6,371,665,3905,3
1146,0,3,0,5,1,57,111,5,10,73,583,291,0
1379,1,1.5,0,6,1,9,118,8,13,98,755,1693,1
1504,0,1.9,1,7,1,25,152,4,9,395,1853,1788,1
1945,0,1.2,0,3,0,26,112,6,5,1064,1540,3322,3
1630,1,2.8,1,0,1,32,80,6,1,712,1726,1751,2
1125,1,2.7,0,10,0,23,117,1,14,774,939,1641,1
614,1,0.7,0,4,1,51,178,7,7,1012,1040,2854,2
854,0,1,0,5,1,17,101,4,9,730,1148,3115,2
1470,1,1.7,1,6,0,45,121,1,9,777,1090,3259,3
1826,1,0.5,1,5,1,49,172,8,6,973,1633,1612,2
807,1,0.5,1,0,0,37,127,4,0,245,829,2319,1
1996,1,2.8,1,0,1,7,138,5,4,937,1083,1258,1
1083,1,2,0,3,0,41,158,5,5,937,1164,1543,1
1035,0,0.5,1,14,1,49,178,2,15,574,1171,3991,3
1521,1,1.6,0,5,1,62,143,1,9,678,1630,3555,3
1314,1,2.8,1,13,1,5,87,4,18,82,512,3411,3
535,0,1.9,0,5,0,24,190,8,19,398,1775,524,0
673,1,1.9,0,13,1,35,142,6,14,1096,1570,3541,3
1219,0,1.6,1,5,0,4,169,6,7,1419,1698,1998,2
1606,1,0.5,1,0,1,33,200,5,0,157,770,3437,3
1603,1,0.5,1,1,1,17,114,2,8,430,1207,1637,1
1958,0,0.5,0,6,1,52,153,1,14,1524,1848,3064,3
695,0,0.5,0,18,1,12,196,2,19,1649,1829,2855,2
1441,0,0.6,1,0,1,53,106,1,12,254,954,1393,1
1470,0,2.2,1,4,1,33,138,7,10,1790,1988,1633,2
1890,0,1.1,0,4,1,48,127,4,5,1438,1832,2392,3
1152,1,2.1,1,0,1,26,82,2,0,1304,1673,3284,3
1619,1,0.9,0,3,0,20,117,6,9,813,1180,464,0
1002,1,1.8,0,1,0,45,180,7,7,948,1007,1234,0
742,1,0.5,0,0,1,36,139,3,1,1161,1288,292,0
1306,1,2.1,1,2,1,33,174,3,9,867,1258,2521,2
1424,1,2.9,1,0,0,20,180,5,0,181,1199,2658,2
942,0,1.4,1,8,0,27,91,4,9,754,1532,587,0
1934,1,2.7,0,8,1,2,118,4,16,242,1127,2190,2
1290,1,1.4,1,19,1,35,110,4,20,405,742,879,0
930,0,2.1,1,0,0,54,80,1,13,1569,1763,1743,2
1699,1,0.5,0,16,0,21,156,4,20,105,1099,1181,1
1849,1,0.5,0,1,0,29,181,7,12,978,1986,3330,3
1922,0,0.5,0,15,1,42,153,8,16,725,1882,3564,3
548,0,1,1,0,1,56,146,4,14,657,1657,562,0
916,1,0.5,0,0,1,47,82,4,1,1147,1393,1659,1
1783,1,0.5,0,8,0,14,183,8,11,910,1566,1816,2
1083,1,1.4,1,2,1,49,156,5,9,295,503,1338,0
1698,0,2.8,0,10,1,7,131,8,12,26,508,2992,2
1969,0,0.8,1,5,1,7,85,8,20,332,764,315,0
869,0,1.9,0,0,0,2,197,7,3,519,533,3249,2
1337,1,2.7,1,0,0,5,200,4,1,161,1029,3242,2
637,1,0.8,1,2,0,28,194,4,6,1080,1289,2725,2
833,1,0.6,1,0,1,27,145,4,2,649,1290,586,0
1248,0,2.4,0,6,1,9,89,3,8,71,1686,2454,2
1174,1,0.9,0,7,0,30,147,4,20,744,1244,804,0
1831,1,2.3,0,3,1,44,148,7,14,437,1113,2460,2
1002,0,2.6,1,7,0,27,146,1,10,115,1111,1295,0
1010,1,2,1,2,1,8,139,5,3,547,957,2625,2
1117,1,0.5,1,2,0,21,177,2,19,495,1035,1999,1
990,1,2.7,1,3,0,15,153,2,7,1466,1717,2698,2
1564,0,1.4,0,5,1,26,129,6,16,117,1115,3742,3
1065,0,2.8,1,0,1,21,158,5,3,760,1722,1193,1
1982,0,1.1,0,12,0,24,129,7,16,764,1873,3511,3
1607,0,1.1,1,6,1,20,192,2,8,776,1005,885,0
1066,0,3,1,6,1,5,167,5,7,53,1504,1044,0
681,0,0.5,1,12,1,17,194,5,19,371,1702,2548,2
1163,1,2.1,1,0,1,19,132,2,1,728,818,2940,2
1285,0,0.8,1,4,1,11,199,5,7,1791,1896,3966,3
753,1,0.5,0,11,1,48,121,8,20,606,1316,3484,3
1779,1,2.6,1,2,0,5,90,1,3,1225,1717,1246,1
987,1,1.9,0,4,1,52,83,3,8,419,736,2757,2
511,0,0.9,1,15,1,24,136,3,18,367,1264,2378,1
1044,0,1.8,0,4,1,12,104,6,5,1230,1263,1794,1
1855,0,0.5,0,5,0,32,187,8,18,267,1161,3933,3
946,1,1.4,0,9,0,26,186,6,10,273,891,1637,0
657,1,1.9,1,2,0,21,110,8,8,705,1905,783,0
1673,1,1.6,0,2,0,42,182,5,6,214,679,3094,2
731,1,0.5,1,0,1,28,130,8,0,424,1032,1774,1
926,1,0.8,0,6,1,59,161,7,14,84,793,256,0
1261,0,0.5,0,3,1,52,86,2,9,605,1429,1365,1
618,0,1.1,0,11,1,45,188,3,20,1175,1586,2339,2
936,1,2.3,0,5,1,57,129,2,6,657,938,2049,1
1485,1,0.9,1,0,1,28,158,5,1,371,1023,3241,3
1339,1,0.5,1,10,1,21,80,4,11,833,1441,867,0
508,1,1.3,0,1,0,50,82,5,9,102,1195,2175,1
1938,1,0.5,1,5,0,44,121,2,9,1299,1935,3497,3
995,0,1.3,1,1,0,10,104,4,3,258,1889,609,0
1086,1,1.7,1,0,1,43,111,6,1,56,1150,3285,2
1322,0,2.3,1,1,1,35,157,1,3,443,708,3684,3
1864,0,1.9,1,2,0,57,181,6,6,1279,1793,3586,3
1944,1,0.5,0,1,1,26,92,4,9,313,712,2322,2
581,0,0.6,0,5,1,56,180,2,10,523,565,354,0
1020,1,0.7,1,3,1,27,128,4,4,919,1482,3204,3
1936,0,1.3,0,2,0,44,139,3,3,570,1021,1400,1
1329,1,1.7,0,5,1,23,198,8,6,380,682,2308,1
808,1,0.5,1,3,0,46,105,8,15,119,529,1082,0
994,0,1.2,1,4,0,40,164,2,17,296,839,3104,2
1811,1,2,0,3,1,22,82,2,8,358,614,2847,2
765,1,2.5,0,3,0,44,88,8,11,1364,1851,2256,2
993,1,2.3,1,0,0,16,106,7,13,424,1639,1113,0
1136,1,1.6,0,15,0,32,150,6,19,961,1030,3210,3
719,1,0.5,1,0,1,23,113,6,9,431,1727,3990,3
733,1,0.6,1,0,0,63,105,7,10,950,1739,984,0
1946,0,2.7,1,8,0,8,123,8,19,647,1849,3117,3
1230,1,1.6,0,0,1,48,111,7,2,1960,1963,1622,2
1577,0,1,1,0,1,64,105,3,7,116,1432,2967,3
1514,1,1.4,0,3,1,12,138,3,4,306,538,1037,0
579,1,2.5,0,3,0,7,89,8,10,808,1517,2908,2
574,1,3,0,1,1,30,126,2,3,94,1334,1167,0
1072,1,2.2,1,6,0,19,114,8,16,380,877,2715,2
843,0,1.3,1,1,0,16,119,7,4,593,732,1734,1
1492,1,1.5,0,5,0,11,85,3,7,1684,1746,2259,3
1807,1,2.9,0,0,0,16,125,3,0,1221,1415,2921,3
909,1,0.7,1,7,0,47,146,3,9,410,1643,1244,0
1876,0,1.3,1,9,1,64,98,3,19,600,1211,3132,3
1436,1,2.4,1,3,1,23,106,5,4,189,1411,2488,2
1251,0,0.5,1,10,1,29,133,6,16,308,591,1052,0
636,0,0.5,0,8,1,28,152,2,15,148,742,2927,2
1354,1,0.7,1,3,1,26,136,4,6,297,918,2090,1
930,1,0.5,1,3,1,34,190,4,16,1050,1726,2131,2
1830,1,1,0,7,1,47,117,1,11,1191,1882,3362,3
1424,0,0.5,1,16,1,23,80,4,18,1399,1663,1053,1
583,1,0.9,1,1,0,51,88,8,2,1658,1794,1799,1
648,1,0.5,1,9,1,54,109,5,20,1153,1817,3124,3
1203,1,0.5,1,0,1,11,109,2,12,35,510,1672,0
1777,0,2.2,1,0,0,15,100,4,7,553,874,1552,1
1299,1,2.8,1,0,0,64,83,6,6,46,908,1938,1
1494,0,1.9,0,2,1,47,129,2,9,207,1177,3202,3
527,0,0.7,1,4,0,53,128,1,11,67,1924,1302,0
793,1,2.8,1,1,1,64,179,4,2,818,1006,2296,1
873,1,0.5,1,6,0,8,152,7,9,1257,1411,575,0
722,0,1.1,0,12,0,12,93,6,20,138,1371,2359,1
1250,1,1.5,0,14,1,20,167,5,18,11,1020,3314,2
1358,0,1.7,0,0,0,60,147,3,1,889,1635,440,0
1035,1,1.9,1,8,0,11,173,6,10,831,1709,2002,1
1289,0,0.8,1,3,1,16,161,6,17,713,1854,3167,3
1445,0,2.2,1,2,0,37,82,2,6,527,1393,3480,3
1702,1,2.3,1,12,1,47,107,2,19,1284,1643,595,1
534,0,0.5,1,4,0,2,85,5,16,911,1220,2466,2
628,1,1.8,0,5,0,60,87,6,6,1047,1534,1337,1
713,0,1.4,1,4,0,53,98,1,17,123,1477,1462,0
1207,0,0.5,0,0,0,58,112,8,0,406,681,503,0
683,1,2.1,0,7,0,30,197,7,8,927,1135,2066,1
594,1,2.6,0,1,0,27,196,5,2,407,528,708,0
537,1,2,0,1,1,55,103,7,2,1041,1430,2029,1
1565,1,0.5,0,0,0,38,121,5,1,781,1364,308,0
1052,0,0.9,0,1,0,6,195,4,16,1191,1839,552,0
713,0,1.6,0,4,1,63,89,2,8,103,1760,2082,1
1766,1,0.5,1,1,0,16,141,5,7,125,1227,3314,3
584,1,1.7,1,1,1,19,199,4,4,919,1343,3996,3
1541,1,1.5,1,6,1,5,109,4,10,536,1656,1795,1
837,0,2.4,1,1,0,51,104,5,15,638,1831,594,0
935,1,0.5,1,3,1,58,155,5,12,639,1087,2473,2
665,1,0.7,0,0,1,31,185,5,2,496,1804,690,0
680,1,2.4,0,13,1,34,157,2,17,686,1418,3845,3
877,0,1.5,1,0,1,17,195,7,0,1064,1985,2004,1
1493,0,1.5,1,13,0,53,102,5,16,240,1414,2083,2
1762,0,0.6,0,3,1,26,83,6,14,525,704,2661,2
842,1,1.8,1,4,0,57,124,3,10,348,730,1903,1
925,1,2.1,0,9,0,56,196,1,14,1262,1520,2466,2
1692,0,2.1,0,4,1,2,106,1,17,1899,1904,3779,3
1576,1,2.2,0,8,0,5,139,3,17,258,789,3904,3
1065,0,1.7,1,4,1,48,162,6,8,1188,1948,265,0
958,1,1.6,0,9,1,60,200,1,12,730,751,1417,0
623,1,0.8,0,6,1,26,197,7,12,484,1238,1769,1
897,0,1.4,1,1,0,17,171,1,2,547,1852,2948,2
1110,0,1.5,0,4,1,41,152,3,16,800,1455,2572,2
616,1,2.2,0,3,1,21,150,7,4,347,513,3267,2
1680,1,1.2,1,6,1,37,168,4,7,679,1231,1459,1
1715,0,1.3,0,0,1,12,94,8,6,1224,1676,1633,2
983,0,0.6,1,0,1,45,130,4,11,948,1205,2052,1
720,1,0.9,1,12,1,14,165,4,14,366,1234,1086,0
1660,0,0.6,0,2,1,24,169,2,3,223,1777,2402,2
1564,0,1.5,1,1,0,42,108,2,2,1619,1962,3376,3
592,0,0.8,1,1,0,52,103,7,10,332,970,1507,0
969,0,1.8,1,2,1,44,158,3,7,167,909,641,0
1356,1,0.5,1,0,0,35,131,1,19,782,951,3451,3
504,1,1,0,8,0,14,189,7,9,881,1129,1607,0
1546,1,0.5,1,3,1,6,101,1,4,91,1317,3521,3
689,0,2.9,1,3,1,7,147,2,6,487,722,1241,0
1685,0,0.6,0,14,0,16,137,7,15,120,1429,881,0
1792,1,1,0,3,1,62,170,7,8,1626,1913,2563,3
1786,0,1.2,0,11,0,61,123,3,14,74,865,3033,3
1944,0,0.6,1,9,1,59,132,7,10,634,1079,769,0
1077,1,2.5,0,13,1,49,131,4,14,334,1079,3454,3
648,1,1.8,0,1,1,60,195,4,4,931,1811,819,0
1702,1,0.5,1,8,0,2,185,6,19,921,1351,435,0
1571,0,2.9,0,1,0,30,150,7,3,805,956,586,0
856,1,1.1,1,14,1,19,125,6,19,1057,1931,650,0
1786,0,2.6,0,6,0,14,115,4,15,616,912,3038,3
914,1,0.7,0,1,1,60,198,5,4,740,840,3736,3
1615,1,2.8,0,3,0,9,117,1,13,542,678,2948,2
649,1,1.4,0,4,1,19,190,7,12,344,1551,739,0
1646,0,2.5,0,3,1,25,200,2,5,211,1608,686,0
1189,1,1.9,0,5,0,7,164,2,20,79,615,841,0
1043,0,2.7,0,3,0,29,83,8,17,887,893,1183,0
1920,0,0.6,1,3,1,19,131,3,8,670,1152,3943,3
1220,1,2.8,0,1,0,54,109,7,20,383,1249,1037,0
1748,1,0.5,1,11,1,53,114,4,20,718,1109,2633,2
907,1,2.6,1,7,0,44,160,3,12,144,896,3911,3
1193,1,2.3,0,7,0,20,158,7,13,1442,1904,1958,2
1766,1,0.5,1,1,1,22,122,8,4,291,1318,3297,3
1278,1,1,0,7,1,24,170,3,16,1352,1775,3141,3
1234,0,1.7,1,8,0,17,174,6,15,209,725,3351,2
1961,1,1.5,0,10,0,55,100,7,20,861,1888,2355,3
1745,0,2.9,0,0,1,3,105,3,0,426,1629,1308,1
1442,0,0.6,1,1,0,27,127,5,8,266,642,991,0
1083,1,2.9,1,1,1,39,173,8,2,523,542,3248,2
868,1,0.9,0,5,0,5,137,4,7,40,1311,1519,0
864,0,1.6,1,0,1,53,88,6,1,262,1436,493,0
1142,1,1.2,0,0,0,2,114,6,0,623,769,1747,1
608,1,0.5,1,0,0,64,94,4,0,4,1351,2517,1
983,0,1.8,0,0,1,53,187,1,4,1001,1176,1389,1
1720,0,1.6,0,18,1,2,188,5,20,334,896,2522,2
1802,1,1.2,1,8,0,27,116,5,16,453,963,1885,2
591,0,2.1,1,18,1,16,196,7,20,952,1726,704,0
1205,1,2.7,0,5,0,10,163,6,10,321,1870,953,0
1369,1,1.7,1,3,0,28,108,1,18,1451,1469,3206,3
713,0,0.9,1,0,0,42,94,1,14,1048,1123,928,0
1082,0,2.3,1,11,0,2,101,4,20,398,724,2177,1
1719,1,2.1,1,0,0,52,187,3,1,417,520,2610,2
1544,0,2.4,0,18,1,12,186,7,20,470,844,489,0
1090,1,2.3,0,1,1,8,128,8,8,1217,1670,3839,3
1991,0,2.8,0,3,1,15,181,1,13,298,1037,1861,1
1367,0,2.9,0,4,0,56,176,2,6,36,642,299,0
1179,1,0.5,0,7,1,32,182,2,12,85,1451,340,0
721,1,2.7,1,1,1,15,102,5,18,655,1255,3606,3
1549,1,1.8,1,0,0,62,91,4,4,167,990,799,0
1349,1,2.1,1,3,0,46,134,6,12,212,623,2367,1
1799,0,1,0,1,1,30,123,3,9,617,1386,445,0
1075,0,0.5,1,2,0,11,122,1,16,271,1769,3927,3
684,1,0.9,1,3,1,63,157,5,9,159,1738,3756,3
1837,0,0.5,0,9,0,36,162,4,20,786,872,770,0
1619,1,1.9,0,2,1,21,138,1,9,46,562,1641,1
965,1,1.4,0,1,0,13,197,8,2,645,1275,2343,2
730,0,1.5,0,9,0,9,122,4,15,1371,1677,2787,2
1361,1,1.4,0,1,0,47,169,5,2,881,1382,2495,2
1494,0,1.6,0,3,1,45,158,5,4,449,790,3208,3
1027,1,0.8,0,7,0,18,146,7,11,338,534,1234,0
1807,0,0.8,1,0,1,38,97,8,0,1332,1814,1069,1
709,0,2.4,1,1,0,11,130,5,11,119,1531,3568,3
689,0,1.4,0,2,0,45,103,5,11,256,823,3585,3
955,1,0.5,0,2,0,2,155,4,10,428,1254,1974,1
1872,1,1.9,0,5,0,35,111,3,14,1546,1879,2419,3
1259,0,1.2,1,0,0,13,97,2,0,1210,1989,340,0
695,0,1.2,0,1,1,41,169,8,8,789,1211,2282,1
1969,0,1.2,1,9,0,63,132,4,11,390,756,298,0
759,0,2.5,0,3,1,39,162,2,8,110,1317,968,0
936,0,1,0,1,0,18,153,3,18,1330,1686,2391,2
1176,1,2.1,0,2,1,62,168,2,10,674,1455,1534,1
1802,0,2.7,1,0,1,10,101,7,9,253,590,696,0
772,0,1,1,0,1,23,97,7,11,317,1805,2782,2
1318,1,2.4,0,1,1,45,136,2,7,183,661,755,0
591,1,0.5,1,1,1,16,90,6,17,892,1603,3746,3
569,1,2.5,1,0,0,41,124,1,1,388,605,2651,1
764,0,1,1,9,1,45,124,8,11,52,539,1341,0
1056,1,2.1,1,8,1,37,101,3,11,914,979,2651,2
1982,1,1.6,0,2,1,12,80,5,20,287,593,1824,1
1830,1,0.5,0,5,0,14,160,6,6,773,1353,1905,2
1122,0,0.5,0,0,1,40,156,7,14,675,1163,1456,1
1023,1,0.7,0,2,1,63,153,7,8,367,1985,3155,3
1283,1,2.4,1,8,1,33,93,3,15,510,980,773,0
1602,0,1.6,1,0,1,35,99,7,7,1325,1800,1829,2
732,1,1.3,0,5,1,32,163,8,7,1661,1836,3883,3
1854,0,0.9,1,0,1,33,195,1,0,665,718,1675,1
718,1,1.6,1,1,1,30,93,3,12,662,997,1601,1
897,1,2,0,3,1,2,154,8,10,0,994,1958,1
1405,0,1.7,0,0,0,8,107,4,7,284,1036,2376,2
798,0,0.6,1,6,1,21,110,2,12,661,1951,1647,1
1035,1,2.7,0,1,0,40,157,5,15,757,1912,3548,3
1396,1,0.6,0,0,0,37,134,4,15,560,1177,2694,2
1749,1,0.5,1,7,1,49,178,1,8,470,775,2195,2
1588,1,2.5,0,12,1,4,148,5,20,146,822,2506,2
1600,0,0.5,0,1,1,16,94,4,16,1315,1710,2073,2
1522,0,2.2,0,4,0,21,162,6,11,533,1696,3767,3
1279,1,2.5,0,5,1,7,105,6,6,560,1633,1150,1
719,0,2.9,0,7,0,6,102,6,8,405,1141,841,0
544,1,0.5,1,2,1,7,129,5,15,227,610,1675,0
1007,1,2.9,1,5,1,21,185,8,12,479,831,1301,0
590,1,1.2,1,0,0,32,141,6,1,227,509,1817,0
1788,0,0.5,0,0,1,6,141,6,16,149,1022,2321,2
748,0,1.4,0,0,0,25,110,7,14,88,709,1974,1
757,1,0.9,1,4,0,64,157,7,5,114,819,3433,2
1561,1,1.6,1,1,1,27,174,3,10,662,874,1205,1
1327,0,2.8,0,10,0,23,89,7,16,441,1721,872,0
797,1,1.5,1,4,0,18,81,8,20,888,1466,2052,1
727,1,2.5,1,0,1,64,193,1,9,664,711,3654,3
686,1,2.7,1,0,0,36,194,4,1,64,745,1503,0
1515,1,2.1,1,4,1,24,176,5,6,747,1247,3104,3
555,1,0.5,1,2,0,17,163,5,12,956,1010,343,0
1589,0,0.6,0,0,0,5,112,5,2,776,1397,3430,3
1976,1,2.6,1,6,0,45,136,4,19,652,1933,2470,3
1884,0,1,1,3,0,24,149,6,4,1168,1179,1396,1
1063,0,2,0,0,0,27,86,6,7,201,582,2668,2
672,1,0.6,1,13,0,61,194,5,20,724,1127,1457,0
635,1,0.5,0,9,0,16,110,7,17,599,1299,2452,2
1906,1,1.9,1,3,0,55,113,3,4,3,629,1871,1
1753,0,0.7,0,4,0,40,191,4,11,1652,1983,1112,1
659,0,1.4,1,2,1,3,85,8,6,190,657,967,0
1583,0,1.2,1,0,0,14,148,2,4,1171,1673,2498,2
1783,0,2.9,1,2,0,42,104,6,8,1081,1979,387,1
1667,0,1,1,0,1,21,138,2,0,1211,1396,635,0
640,0,1.3,1,5,1,6,143,8,20,976,1353,2711,2
1913,1,1.8,0,0,0,29,111,5,4,675,742,2023,2
538,0,1.1,1,0,1,25,163,7,7,455,537,2215,1
1191,0,0.8,0,6,1,46,89,6,9,42,807,824,0
816,0,3,1,2,0,9,117,1,3,1196,1651,3851,3
915,1,0.5,1,9,1,33,199,2,16,503,986,2156,1
1157,1,0.8,0,7,0,27,88,8,8,1694,1798,2885,3
1201,1,0.5,0,2,0,10,99,7,7,306,558,495,0
1379,0,1.1,1,1,1,18,129,2,16,838,885,2358,2
1483,1,2.2,0,3,1,53,169,5,11,291,651,1744,1
1614,0,1.2,0,1,1,9,161,3,2,173,1219,1832,1
930,1,1,1,4,1,4,144,8,10,1017,1289,2016,1
1454,0,2.6,0,8,0,6,199,3,20,698,1018,1300,1
1784,0,1.6,0,4,0,41,164,6,20,610,1437,2313,2
1262,0,1.8,1,12,0,34,149,5,16,223,737,3248,2
797,0,2.2,1,0,0,37,144,7,2,206,1167,2216,1
1829,1,2.1,0,8,0,59,91,5,15,1457,1919,3142,3
1139,1,0.9,1,6,1,58,161,2,11,742,999,1850,1
618,1,1,0,9,1,13,80,4,15,591,724,1424,0
1547,1,2.9,0,2,0,57,114,1,3,347,957,1620,1
586,0,2.8,0,2,0,15,83,3,11,241,854,2592,1
1617,1,2.4,0,8,1,36,85,1,9,743,1426,296,0
1882,0,2,0,11,1,44,113,8,19,4,743,3579,3
674,1,2.9,1,1,0,21,198,3,4,576,1809,1180,0
1467,1,0.5,0,0,0,18,122,5,0,888,1099,3962,3
858,0,2.2,0,1,0,50,84,1,2,528,1416,3978,3
794,1,0.5,1,0,1,2,106,6,14,1222,1890,668,0
1965,1,2.6,1,0,0,39,187,4,3,915,1965,2032,2
1911,0,0.9,1,1,1,36,108,8,3,868,1632,3057,3
1512,0,0.9,0,4,1,46,145,5,5,336,670,869,0
510,1,2,1,5,1,45,168,6,16,483,754,3919,3
