indice_tiempo,tipo_cambio_bna_vendedor
03/11/2014,8.49
04/11/2014,8.51
05/11/2014,8.51
06/11/2014,8.51
07/11/2014,8.51
08/11/2014,8.51
09/11/2014,8.51
10/11/2014,8.51
11/11/2014,8.51
12/11/2014,8.51
13/11/2014,8.51
14/11/2014,8.51
15/11/2014,8.51
16/11/2014,8.51
17/11/2014,8.51
18/11/2014,8.51
19/11/2014,8.51
20/11/2014,8.52
21/11/2014,8.52
22/11/2014,8.52
23/11/2014,8.52
24/11/2014,8.52
25/11/2014,8.52
26/11/2014,8.52
27/11/2014,8.52
28/11/2014,8.53
29/11/2014,8.53
30/11/2014,8.53
01/12/2014,8.53
02/12/2014,8.53
03/12/2014,8.55
04/12/2014,8.55
05/12/2014,8.55
06/12/2014,8.55
07/12/2014,8.55
08/12/2014,8.56
09/12/2014,8.56
10/12/2014,8.56
11/12/2014,8.56
12/12/2014,8.56
13/12/2014,8.56
14/12/2014,8.56
15/12/2014,8.56
16/12/2014,8.56
17/12/2014,8.56
18/12/2014,8.56
19/12/2014,8.56
20/12/2014,8.56
21/12/2014,8.56
22/12/2014,8.56
23/12/2014,8.56
24/12/2014,8.56
25/12/2014,8.56
26/12/2014,8.56
27/12/2014,8.56
28/12/2014,8.56
29/12/2014,8.56
30/12/2014,8.56
31/12/2014,8.56
01/01/2015,8.56
02/01/2015,8.56
03/01/2015,8.56
04/01/2015,8.56
05/01/2015,8.56
06/01/2015,8.56
07/01/2015,8.57
08/01/2015,8.59
09/01/2015,8.6
10/01/2015,8.6
11/01/2015,8.6
12/01/2015,8.6
13/01/2015,8.6
14/01/2015,8.6
15/01/2015,8.6
16/01/2015,8.6
17/01/2015,8.6
18/01/2015,8.6
19/01/2015,8.6
20/01/2015,8.61
21/01/2015,8.61
22/01/2015,8.62
23/01/2015,8.63
24/01/2015,8.63
25/01/2015,8.63
26/01/2015,8.63
27/01/2015,8.63
28/01/2015,8.64
29/01/2015,8.64
30/01/2015,8.65
31/01/2015,8.65
01/02/2015,8.65
02/02/2015,8.65
03/02/2015,8.66
04/02/2015,8.66
05/02/2015,8.66
06/02/2015,8.66
07/02/2015,8.66
08/02/2015,8.66
09/02/2015,8.66
10/02/2015,8.66
11/02/2015,8.675
12/02/2015,8.685
13/02/2015,8.685
14/02/2015,8.685
15/02/2015,8.685
16/02/2015,8.685
17/02/2015,8.685
18/02/2015,8.685
19/02/2015,8.695
20/02/2015,8.7
21/02/2015,8.7
22/02/2015,8.7
23/02/2015,8.705
24/02/2015,8.715
25/02/2015,8.715
26/02/2015,8.725
27/02/2015,8.725
28/02/2015,8.725
01/03/2015,8.725
02/03/2015,8.73
03/03/2015,8.735
04/03/2015,8.745
05/03/2015,8.75
06/03/2015,8.755
07/03/2015,8.755
08/03/2015,8.755
09/03/2015,8.755
10/03/2015,8.77
11/03/2015,8.775
12/03/2015,8.775
13/03/2015,8.785
14/03/2015,8.785
15/03/2015,8.785
16/03/2015,8.785
17/03/2015,8.785
18/03/2015,8.785
19/03/2015,8.795
20/03/2015,8.795
21/03/2015,8.795
22/03/2015,8.795
23/03/2015,8.8
24/03/2015,8.8
25/03/2015,8.8
26/03/2015,8.81
27/03/2015,8.81
28/03/2015,8.81
29/03/2015,8.81
30/03/2015,8.815
31/03/2015,8.82
01/04/2015,8.82
02/04/2015,8.83
03/04/2015,8.83
04/04/2015,8.83
05/04/2015,8.83
06/04/2015,8.835
07/04/2015,8.835
08/04/2015,8.84
09/04/2015,8.84
10/04/2015,8.845
11/04/2015,8.845
12/04/2015,8.845
13/04/2015,8.855
14/04/2015,8.86
15/04/2015,8.86
16/04/2015,8.87
17/04/2015,8.87
18/04/2015,8.87
19/04/2015,8.87
20/04/2015,8.87
21/04/2015,8.875
22/04/2015,8.875
23/04/2015,8.885
24/04/2015,8.885
25/04/2015,8.885
26/04/2015,8.885
27/04/2015,8.895
28/04/2015,8.895
29/04/2015,8.895
30/04/2015,8.905
01/05/2015,8.91
02/05/2015,8.91
03/05/2015,8.91
04/05/2015,8.91
05/05/2015,8.915
06/05/2015,8.92
07/05/2015,8.925
08/05/2015,8.925
09/05/2015,8.925
10/05/2015,8.925
11/05/2015,8.93
12/05/2015,8.935
13/05/2015,8.94
14/05/2015,8.945
15/05/2015,8.945
16/05/2015,8.945
17/05/2015,8.945
18/05/2015,8.945
19/05/2015,8.955
20/05/2015,8.96
21/05/2015,8.965
22/05/2015,8.97
23/05/2015,8.97
24/05/2015,8.97
25/05/2015,8.975
26/05/2015,8.975
27/05/2015,8.98
28/05/2015,8.985
29/05/2015,8.99
30/05/2015,8.99
31/05/2015,8.99
01/06/2015,8.995
02/06/2015,8.995
03/06/2015,9.005
04/06/2015,9.005
05/06/2015,9.015
06/06/2015,9.015
07/06/2015,9.015
08/06/2015,9.015
09/06/2015,9.025
10/06/2015,9.025
11/06/2015,9.03
12/06/2015,9.035
13/06/2015,9.035
14/06/2015,9.035
15/06/2015,9.04
16/06/2015,9.045
17/06/2015,9.05
18/06/2015,9.05
19/06/2015,9.055
20/06/2015,9.055
21/06/2015,9.055
22/06/2015,9.055
23/06/2015,9.065
24/06/2015,9.065
25/06/2015,9.075
26/06/2015,9.075
27/06/2015,9.075
28/06/2015,9.075
29/06/2015,9.08
30/06/2015,9.085
01/07/2015,9.09
02/07/2015,9.095
03/07/2015,9.1
04/07/2015,9.1
05/07/2015,9.1
06/07/2015,9.11
07/07/2015,9.11
08/07/2015,9.115
09/07/2015,9.12
10/07/2015,9.12
11/07/2015,9.12
12/07/2015,9.12
13/07/2015,9.13
14/07/2015,9.13
15/07/2015,9.14
16/07/2015,9.145
17/07/2015,9.145
18/07/2015,9.145
19/07/2015,9.145
20/07/2015,9.15
21/07/2015,9.15
22/07/2015,9.15
23/07/2015,9.17
24/07/2015,9.175
25/07/2015,9.175
26/07/2015,9.175
27/07/2015,9.175
28/07/2015,9.175
29/07/2015,9.185
30/07/2015,9.185
31/07/2015,9.195
01/08/2015,9.195
02/08/2015,9.195
03/08/2015,9.195
04/08/2015,9.2
05/08/2015,9.21
06/08/2015,9.21
07/08/2015,9.215
08/08/2015,9.215
09/08/2015,9.215
10/08/2015,9.22
11/08/2015,9.225
12/08/2015,9.23
13/08/2015,9.235
14/08/2015,9.245
15/08/2015,9.245
16/08/2015,9.245
17/08/2015,9.245
18/08/2015,9.25
19/08/2015,9.255
20/08/2015,9.26
21/08/2015,9.265
22/08/2015,9.265
23/08/2015,9.265
24/08/2015,9.27
25/08/2015,9.275
26/08/2015,9.28
27/08/2015,9.29
28/08/2015,9.295
29/08/2015,9.295
30/08/2015,9.295
31/08/2015,9.3
01/09/2015,9.305
02/09/2015,9.305
03/09/2015,9.32
04/09/2015,9.33
05/09/2015,9.33
06/09/2015,9.33
07/09/2015,9.335
08/09/2015,9.35
09/09/2015,9.35
10/09/2015,9.355
11/09/2015,9.36
12/09/2015,9.36
13/09/2015,9.36
14/09/2015,9.365
15/09/2015,9.37
16/09/2015,9.375
17/09/2015,9.38
18/09/2015,9.385
19/09/2015,9.385
20/09/2015,9.385
21/09/2015,9.39
22/09/2015,9.395
23/09/2015,9.4
24/09/2015,9.41
25/09/2015,9.415
26/09/2015,9.415
27/09/2015,9.415
28/09/2015,9.42
29/09/2015,9.42
30/09/2015,9.425
01/10/2015,9.43
02/10/2015,9.44
03/10/2015,9.44
04/10/2015,9.44
05/10/2015,9.45
06/10/2015,9.455
07/10/2015,9.46
08/10/2015,9.465
09/10/2015,9.47
10/10/2015,9.47
11/10/2015,9.47
12/10/2015,9.47
13/10/2015,9.47
14/10/2015,9.485
15/10/2015,9.49
16/10/2015,9.495
17/10/2015,9.495
18/10/2015,9.495
19/10/2015,9.5
20/10/2015,9.51
21/10/2015,9.515
22/10/2015,9.52
23/10/2015,9.525
24/10/2015,9.525
25/10/2015,9.525
26/10/2015,9.53
27/10/2015,9.54
28/10/2015,9.545
29/10/2015,9.55
30/10/2015,9.555
31/10/2015,9.555
01/11/2015,9.555
02/11/2015,9.56
03/11/2015,9.565
04/11/2015,9.57
05/11/2015,9.585
06/11/2015,9.585
07/11/2015,9.585
08/11/2015,9.585
09/11/2015,9.59
10/11/2015,9.6
11/11/2015,9.61
12/11/2015,9.62
13/11/2015,9.63
14/11/2015,9.63
15/11/2015,9.63
16/11/2015,9.635
17/11/2015,9.645
18/11/2015,9.645
19/11/2015,9.66
20/11/2015,9.67
21/11/2015,9.67
22/11/2015,9.67
23/11/2015,9.68
24/11/2015,9.685
25/11/2015,9.685
26/11/2015,9.69
27/11/2015,9.69
28/11/2015,9.69
29/11/2015,9.69
30/11/2015,9.69
01/12/2015,9.705
02/12/2015,9.715
03/12/2015,9.725
04/12/2015,9.725
05/12/2015,9.725
06/12/2015,9.725
07/12/2015,9.735
08/12/2015,9.735
09/12/2015,9.735
10/12/2015,9.755
11/12/2015,9.79
12/12/2015,9.79
13/12/2015,9.79
14/12/2015,9.8
15/12/2015,9.815
16/12/2015,9.835
17/12/2015,13.95
18/12/2015,13.95
19/12/2015,13.95
20/12/2015,13.95
21/12/2015,13.1
22/12/2015,13.2
23/12/2015,13.3
24/12/2015,13.3
25/12/2015,13.3
26/12/2015,13.3
27/12/2015,13.3
28/12/2015,13.3
29/12/2015,13.3
30/12/2015,13.3
31/12/2015,13.3
01/01/2016,13.3
02/01/2016,13.3
03/01/2016,13.3
04/01/2016,13.3
05/01/2016,13.8
06/01/2016,14
07/01/2016,14.1
08/01/2016,14
09/01/2016,14
10/01/2016,14
11/01/2016,14
12/01/2016,13.8
13/01/2016,13.8
14/01/2016,13.6
15/01/2016,13.7
16/01/2016,13.7
17/01/2016,13.7
18/01/2016,13.6
19/01/2016,13.6
20/01/2016,13.6
21/01/2016,13.6
22/01/2016,13.8
23/01/2016,13.8
24/01/2016,13.8
25/01/2016,13.9
26/01/2016,13.9
27/01/2016,13.98
28/01/2016,13.98
29/01/2016,13.98
30/01/2016,13.98
31/01/2016,13.98
01/02/2016,14.25
02/02/2016,14.25
03/02/2016,14.25
04/02/2016,14.25
05/02/2016,14.45
06/02/2016,14.45
07/02/2016,14.45
08/02/2016,14.45
09/02/2016,14.45
10/02/2016,14.6
11/02/2016,14.7
12/02/2016,14.7
13/02/2016,14.7
14/02/2016,14.7
15/02/2016,14.9
16/02/2016,14.95
17/02/2016,15.05
18/02/2016,15.2
19/02/2016,15.2
20/02/2016,15.2
21/02/2016,15.2
22/02/2016,15.25
23/02/2016,15.6
24/02/2016,15.6
25/02/2016,15.6
26/02/2016,15.6
27/02/2016,15.6
28/02/2016,15.6
29/02/2016,15.7
01/03/2016,15.7
02/03/2016,15.95
03/03/2016,15.8
04/03/2016,15.5
05/03/2016,15.5
06/03/2016,15.5
07/03/2016,15.5
08/03/2016,15.6
09/03/2016,15.6
10/03/2016,15.6
11/03/2016,15.4
12/03/2016,15.4
13/03/2016,15.4
14/03/2016,15
15/03/2016,14.8
16/03/2016,14.7
17/03/2016,14.7
18/03/2016,15.1
19/03/2016,15.1
20/03/2016,15.1
21/03/2016,14.7
22/03/2016,14.4
23/03/2016,14.6
24/03/2016,14.6
25/03/2016,14.6
26/03/2016,14.6
27/03/2016,14.6
28/03/2016,14.9
29/03/2016,15.1
30/03/2016,14.8
31/03/2016,14.8
01/04/2016,14.9
02/04/2016,14.9
03/04/2016,14.9
04/04/2016,15
05/04/2016,14.9
06/04/2016,14.9
07/04/2016,14.7
08/04/2016,14.6
09/04/2016,14.6
10/04/2016,14.6
11/04/2016,14.6
12/04/2016,14.7
13/04/2016,14.6
14/04/2016,14.6
15/04/2016,14.6
16/04/2016,14.6
17/04/2016,14.6
18/04/2016,14.4
19/04/2016,14.4
20/04/2016,14.4
21/04/2016,14.5
22/04/2016,14.6
23/04/2016,14.6
24/04/2016,14.6
25/04/2016,14.6
26/04/2016,14.5
27/04/2016,14.4
28/04/2016,14.4
29/04/2016,14.5
30/04/2016,14.5
01/05/2016,14.5
02/05/2016,14.5
03/05/2016,14.4
04/05/2016,14.4
05/05/2016,14.4
06/05/2016,14.4
07/05/2016,14.4
08/05/2016,14.4
09/05/2016,14.4
10/05/2016,14.4
11/05/2016,14.4
12/05/2016,14.4
13/05/2016,14.4
14/05/2016,14.4
15/05/2016,14.4
16/05/2016,14.4
17/05/2016,14.3
18/05/2016,14.3
19/05/2016,14.3
20/05/2016,14.3
21/05/2016,14.3
22/05/2016,14.3
23/05/2016,14.2
24/05/2016,14.2
25/05/2016,14.2
26/05/2016,14.2
27/05/2016,14.2
28/05/2016,14.2
29/05/2016,14.2
30/05/2016,14.2
31/05/2016,14.2
01/06/2016,14.2
02/06/2016,14.2
03/06/2016,14.1
04/06/2016,14.1
05/06/2016,14.1
06/06/2016,14
07/06/2016,14
08/06/2016,14.1
09/06/2016,14.1
10/06/2016,14
11/06/2016,14
12/06/2016,14
13/06/2016,14
14/06/2016,14
15/06/2016,14
16/06/2016,14
17/06/2016,14.1
18/06/2016,14.1
19/06/2016,14.1
20/06/2016,14.1
21/06/2016,14.1
22/06/2016,14.2
23/06/2016,14.4
24/06/2016,15
25/06/2016,15
26/06/2016,15
27/06/2016,15.3
28/06/2016,15.2
29/06/2016,15.1
30/06/2016,15.2
01/07/2016,15.3
02/07/2016,15.3
03/07/2016,15.3
04/07/2016,15.2
05/07/2016,15.2
06/07/2016,15
07/07/2016,14.9
08/07/2016,14.9
09/07/2016,14.9
10/07/2016,14.9
11/07/2016,14.9
12/07/2016,14.8
13/07/2016,14.8
14/07/2016,14.9
15/07/2016,15.1
16/07/2016,15.1
17/07/2016,15.1
18/07/2016,15.3
19/07/2016,15.4
20/07/2016,15.2
21/07/2016,15.2
22/07/2016,15.1
23/07/2016,15.1
24/07/2016,15.1
25/07/2016,15.1
26/07/2016,15.2
27/07/2016,15.15
28/07/2016,15.2
29/07/2016,15.2
30/07/2016,15.2
31/07/2016,15.2
01/08/2016,15.2
02/08/2016,15.1
03/08/2016,15.05
04/08/2016,15.05
05/08/2016,15.05
06/08/2016,15.05
07/08/2016,15.05
08/08/2016,15
09/08/2016,15
10/08/2016,15
11/08/2016,14.9
12/08/2016,14.9
13/08/2016,14.9
14/08/2016,14.9
15/08/2016,14.9
16/08/2016,14.9
17/08/2016,14.9
18/08/2016,15.1
19/08/2016,15.1
20/08/2016,15.1
21/08/2016,15.1
22/08/2016,15.1
23/08/2016,15
24/08/2016,15
25/08/2016,15.1
26/08/2016,15.1
27/08/2016,15.1
28/08/2016,15.1
29/08/2016,15.2
30/08/2016,15.3
31/08/2016,15.1
01/09/2016,15.1
02/09/2016,15.1
03/09/2016,15.1
04/09/2016,15.1
05/09/2016,15.2
06/09/2016,15.2
07/09/2016,15.2
08/09/2016,15.2
09/09/2016,15.25
10/09/2016,15.25
11/09/2016,15.25
12/09/2016,15.15
13/09/2016,15.1
14/09/2016,15.2
15/09/2016,15.2
16/09/2016,15.25
17/09/2016,15.25
18/09/2016,15.25
19/09/2016,15.3
20/09/2016,15.35
21/09/2016,15.35
22/09/2016,15.35
23/09/2016,15.35
24/09/2016,15.35
25/09/2016,15.35
26/09/2016,15.4
27/09/2016,15.45
28/09/2016,15.5
29/09/2016,15.6
30/09/2016,15.5
01/10/2016,15.5
02/10/2016,15.5
03/10/2016,15.4
04/10/2016,15.4
05/10/2016,15.4
06/10/2016,15.4
07/10/2016,15.4
08/10/2016,15.4
09/10/2016,15.4
10/10/2016,15.4
11/10/2016,15.4
12/10/2016,15.3
13/10/2016,15.3
14/10/2016,15.3
15/10/2016,15.3
16/10/2016,15.3
17/10/2016,15.4
18/10/2016,15.4
19/10/2016,15.4
20/10/2016,15.4
21/10/2016,15.4
22/10/2016,15.4
23/10/2016,15.4
24/10/2016,15.3
25/10/2016,15.4
26/10/2016,15.4
27/10/2016,15.4
28/10/2016,15.4
29/10/2016,15.4
30/10/2016,15.4
31/10/2016,15.4
01/11/2016,15.3
02/11/2016,15.2
03/11/2016,15.3
04/11/2016,15.25
05/11/2016,15.25
06/11/2016,15.25
07/11/2016,15.25
08/11/2016,15.25
09/11/2016,15.25
10/11/2016,15.3
11/11/2016,15.45
12/11/2016,15.45
13/11/2016,15.45
14/11/2016,15.8
15/11/2016,15.7
16/11/2016,15.7
17/11/2016,15.7
18/11/2016,15.7
19/11/2016,15.7
20/11/2016,15.7
21/11/2016,15.6
22/11/2016,15.6
23/11/2016,15.7
24/11/2016,15.7
25/11/2016,15.7
26/11/2016,15.7
27/11/2016,15.7
28/11/2016,15.7
29/11/2016,15.9
30/11/2016,16.1
01/12/2016,16.05
02/12/2016,16.15
03/12/2016,16.15
04/12/2016,16.15
05/12/2016,16.1
06/12/2016,16.1
07/12/2016,16.2
08/12/2016,16.2
09/12/2016,16.2
10/12/2016,16.2
11/12/2016,16.2
12/12/2016,16.3
13/12/2016,16.15
14/12/2016,16.1
15/12/2016,16.15
16/12/2016,16.1
17/12/2016,16.1
18/12/2016,16.1
19/12/2016,16
20/12/2016,16.05
21/12/2016,16
22/12/2016,15.95
23/12/2016,15.7
24/12/2016,15.7
25/12/2016,15.7
26/12/2016,15.75
27/12/2016,15.75
28/12/2016,15.95
29/12/2016,16.1
30/12/2016,16.1
31/12/2016,16.1
01/01/2017,16.1
02/01/2017,16.1
03/01/2017,16.1
04/01/2017,16.3
05/01/2017,16.2
06/01/2017,16.1
07/01/2017,16.1
08/01/2017,16.1
09/01/2017,16.05
10/01/2017,16.05
11/01/2017,16.05
12/01/2017,16.05
13/01/2017,16.05
14/01/2017,16.05
15/01/2017,16.05
16/01/2017,16.05
17/01/2017,16.1
18/01/2017,16.2
19/01/2017,16.1
20/01/2017,16.1
21/01/2017,16.1
22/01/2017,16.1
23/01/2017,16.15
24/01/2017,16.15
25/01/2017,16.15
26/01/2017,16.15
27/01/2017,16.1
28/01/2017,16.1
29/01/2017,16.1
30/01/2017,16.1
31/01/2017,16.1
01/02/2017,16
02/02/2017,15.9
03/02/2017,15.8
04/02/2017,15.8
05/02/2017,15.8
06/02/2017,16
07/02/2017,15.85
08/02/2017,15.85
09/02/2017,15.8
10/02/2017,15.7
11/02/2017,15.7
12/02/2017,15.7
13/02/2017,15.7
14/02/2017,15.7
15/02/2017,15.6
16/02/2017,15.6
17/02/2017,15.9
18/02/2017,15.9
19/02/2017,15.9
20/02/2017,15.9
21/02/2017,15.8
22/02/2017,15.7
23/02/2017,15.8
24/02/2017,15.7
25/02/2017,15.7
26/02/2017,15.7
27/02/2017,15.7
28/02/2017,15.7
01/03/2017,15.6
02/03/2017,15.6
03/03/2017,15.6
04/03/2017,15.6
05/03/2017,15.6
06/03/2017,15.65
07/03/2017,15.75
08/03/2017,15.8
09/03/2017,15.75
10/03/2017,15.7
11/03/2017,15.7
12/03/2017,15.7
13/03/2017,15.7
14/03/2017,15.7
15/03/2017,15.75
16/03/2017,15.75
17/03/2017,15.75
18/03/2017,15.75
19/03/2017,15.75
20/03/2017,15.8
21/03/2017,15.8
22/03/2017,15.8
23/03/2017,15.8
24/03/2017,15.8
25/03/2017,15.8
26/03/2017,15.8
27/03/2017,15.8
28/03/2017,15.8
29/03/2017,15.65
30/03/2017,15.6
31/03/2017,15.55
01/04/2017,15.55
02/04/2017,15.55
03/04/2017,15.6
04/04/2017,15.55
05/04/2017,15.55
06/04/2017,15.55
07/04/2017,15.55
08/04/2017,15.55
09/04/2017,15.55
10/04/2017,15.4
11/04/2017,15.45
12/04/2017,15.4
13/04/2017,15.4
14/04/2017,15.4
15/04/2017,15.4
16/04/2017,15.4
17/04/2017,15.4
18/04/2017,15.5
19/04/2017,15.6
20/04/2017,15.6
21/04/2017,15.7
22/04/2017,15.7
23/04/2017,15.7
24/04/2017,15.6
25/04/2017,15.6
26/04/2017,15.7
27/04/2017,15.7
28/04/2017,15.6
29/04/2017,15.6
30/04/2017,15.6
01/05/2017,15.6
02/05/2017,15.5
03/05/2017,15.5
04/05/2017,15.6
05/05/2017,15.55
06/05/2017,15.55
07/05/2017,15.55
08/05/2017,15.7
09/05/2017,15.7
10/05/2017,15.7
11/05/2017,15.65
12/05/2017,15.65
13/05/2017,15.65
14/05/2017,15.65
15/05/2017,15.7
16/05/2017,15.8
17/05/2017,15.8
18/05/2017,16.2
19/05/2017,16.2
20/05/2017,16.2
21/05/2017,16.2
22/05/2017,16.38
23/05/2017,16.3
24/05/2017,16.3
25/05/2017,16.3
26/05/2017,16.2
27/05/2017,16.2
28/05/2017,16.2
29/05/2017,16.2
30/05/2017,16.35
31/05/2017,16.3
01/06/2017,16.25
02/06/2017,16.2
03/06/2017,16.2
04/06/2017,16.2
05/06/2017,16.2
06/06/2017,16.2
07/06/2017,16.2
08/06/2017,16.1
09/06/2017,16.1
10/06/2017,16.1
11/06/2017,16.1
12/06/2017,16.1
13/06/2017,16.1
14/06/2017,16.05
15/06/2017,16.15
16/06/2017,16.25
17/06/2017,16.25
18/06/2017,16.25
19/06/2017,16.35
20/06/2017,16.35
21/06/2017,16.45
22/06/2017,16.4
23/06/2017,16.35
24/06/2017,16.35
25/06/2017,16.35
26/06/2017,16.5
27/06/2017,16.6
28/06/2017,16.65
29/06/2017,16.7
30/06/2017,16.8
01/07/2017,16.8
02/07/2017,16.8
03/07/2017,17
04/07/2017,17.16
05/07/2017,17.37
06/07/2017,17.33
07/07/2017,17.21
08/07/2017,17.21
09/07/2017,17.21
10/07/2017,17.18
11/07/2017,17.2
12/07/2017,17.15
13/07/2017,17.15
14/07/2017,17.05
15/07/2017,17.05
16/07/2017,17.05
17/07/2017,17.1
18/07/2017,17.4
19/07/2017,17.35
20/07/2017,17.4
21/07/2017,17.6
22/07/2017,17.6
23/07/2017,17.6
24/07/2017,17.65
25/07/2017,17.55
26/07/2017,17.7
27/07/2017,17.85
28/07/2017,17.99
29/07/2017,17.99
30/07/2017,17.99
31/07/2017,17.85
01/08/2017,17.785
02/08/2017,17.8
03/08/2017,17.85
04/08/2017,17.85
05/08/2017,17.85
06/08/2017,17.85
07/08/2017,17.9
08/08/2017,17.9
09/08/2017,17.9
10/08/2017,17.9
11/08/2017,17.9
12/08/2017,17.9
13/08/2017,17.9
14/08/2017,17.35
15/08/2017,17.25
16/08/2017,17.4
17/08/2017,17.55
18/08/2017,17.5
19/08/2017,17.5
20/08/2017,17.5
21/08/2017,17.5
22/08/2017,17.4
23/08/2017,17.45
24/08/2017,17.4
25/08/2017,17.4
26/08/2017,17.4
27/08/2017,17.4
28/08/2017,17.43
29/08/2017,17.6
30/08/2017,17.6
31/08/2017,17.5
01/09/2017,17.4
02/09/2017,17.4
03/09/2017,17.4
04/09/2017,17.45
05/09/2017,17.45
06/09/2017,17.4
07/09/2017,17.4
08/09/2017,17.4
09/09/2017,17.4
10/09/2017,17.4
11/09/2017,17.35
12/09/2017,17.3
13/09/2017,17.25
14/09/2017,17.2
15/09/2017,17.2
16/09/2017,17.2
17/09/2017,17.2
18/09/2017,17.3
19/09/2017,17.35
20/09/2017,17.4
21/09/2017,17.5
22/09/2017,17.5
23/09/2017,17.5
24/09/2017,17.5
25/09/2017,17.7
26/09/2017,17.8
27/09/2017,17.8
28/09/2017,17.7
29/09/2017,17.5
30/09/2017,17.5
01/10/2017,17.5
02/10/2017,17.6
03/10/2017,17.6
04/10/2017,17.55
05/10/2017,17.6
06/10/2017,17.65
07/10/2017,17.65
08/10/2017,17.65
09/10/2017,17.7
10/10/2017,17.65
11/10/2017,17.65
12/10/2017,17.6
13/10/2017,17.55
14/10/2017,17.55
15/10/2017,17.55
16/10/2017,17.55
17/10/2017,17.6
18/10/2017,17.55
19/10/2017,17.65
20/10/2017,17.65
21/10/2017,17.65
22/10/2017,17.65
23/10/2017,17.6
24/10/2017,17.7
25/10/2017,17.7
26/10/2017,17.85
27/10/2017,17.85
28/10/2017,17.85
29/10/2017,17.85
30/10/2017,17.85
31/10/2017,17.85
01/11/2017,17.8
02/11/2017,17.75
03/11/2017,17.85
04/11/2017,17.85
05/11/2017,17.85
06/11/2017,17.85
07/11/2017,17.85
08/11/2017,17.75
09/11/2017,17.75
10/11/2017,17.7
11/11/2017,17.7
12/11/2017,17.7
13/11/2017,17.7
14/11/2017,17.7
15/11/2017,17.7
16/11/2017,17.7
17/11/2017,17.7
18/11/2017,17.7
19/11/2017,17.7
20/11/2017,17.7
21/11/2017,17.7
22/11/2017,17.65
23/11/2017,17.65
24/11/2017,17.55
25/11/2017,17.55
26/11/2017,17.55
27/11/2017,17.5
28/11/2017,17.55
29/11/2017,17.6
30/11/2017,17.5
01/12/2017,17.45
02/12/2017,17.45
03/12/2017,17.45
04/12/2017,17.55
05/12/2017,17.5
06/12/2017,17.45
07/12/2017,17.5
08/12/2017,17.5
09/12/2017,17.5
10/12/2017,17.5
11/12/2017,17.45
12/12/2017,17.55
13/12/2017,17.55
14/12/2017,17.65
15/12/2017,17.7
16/12/2017,17.7
17/12/2017,17.7
18/12/2017,17.75
19/12/2017,17.9
20/12/2017,17.95
21/12/2017,18.1
22/12/2017,18.3
23/12/2017,18.3
24/12/2017,18.3
25/12/2017,18.3
26/12/2017,18.55
27/12/2017,18.7
28/12/2017,19.45
29/12/2017,18.9
30/12/2017,18.9
31/12/2017,18.9
01/01/2018,18.9
02/01/2018,18.65
03/01/2018,18.7
04/01/2018,18.9
05/01/2018,19.1
06/01/2018,19.1
07/01/2018,19.1
08/01/2018,19.3
09/01/2018,19.2
10/01/2018,18.85
11/01/2018,18.95
12/01/2018,18.95
13/01/2018,18.95
14/01/2018,18.95
15/01/2018,19
16/01/2018,19.15
17/01/2018,19.1
18/01/2018,19.1
19/01/2018,19.25
20/01/2018,19.25
21/01/2018,19.25
22/01/2018,19.35
23/01/2018,19.6
24/01/2018,19.9
25/01/2018,19.8
26/01/2018,19.8
27/01/2018,19.8
28/01/2018,19.8
29/01/2018,19.8
30/01/2018,19.85
31/01/2018,19.9
01/02/2018,19.65
02/02/2018,19.75
03/02/2018,19.75
04/02/2018,19.75
05/02/2018,19.75
06/02/2018,19.85
07/02/2018,19.9
08/02/2018,20.2
09/02/2018,20.25
10/02/2018,20.25
11/02/2018,20.25
12/02/2018,20.25
13/02/2018,20.25
14/02/2018,20.15
15/02/2018,19.95
16/02/2018,20
17/02/2018,20
18/02/2018,20
19/02/2018,20.15
20/02/2018,20.1
21/02/2018,20.15
22/02/2018,20.2
23/02/2018,20.2
24/02/2018,20.2
25/02/2018,20.2
26/02/2018,20.45
27/02/2018,20.45
28/02/2018,20.35
01/03/2018,20.4
02/03/2018,20.5
03/03/2018,20.5
04/03/2018,20.5
05/03/2018,20.45
06/03/2018,20.6
07/03/2018,20.65
08/03/2018,20.65
09/03/2018,20.5
10/03/2018,20.5
11/03/2018,20.5
12/03/2018,20.45
13/03/2018,20.45
14/03/2018,20.45
15/03/2018,20.6
16/03/2018,20.45
17/03/2018,20.45
18/03/2018,20.45
19/03/2018,20.45
20/03/2018,20.5
21/03/2018,20.55
22/03/2018,20.5
23/03/2018,20.45
24/03/2018,20.45
25/03/2018,20.45
26/03/2018,20.4
27/03/2018,20.45
28/03/2018,20.4
29/03/2018,20.4
30/03/2018,20.4
31/03/2018,20.4
01/04/2018,20.4
02/04/2018,20.4
03/04/2018,20.4
04/04/2018,20.45
05/04/2018,20.45
06/04/2018,20.45
07/04/2018,20.45
08/04/2018,20.45
09/04/2018,20.45
10/04/2018,20.45
11/04/2018,20.4
12/04/2018,20.45
13/04/2018,20.45
14/04/2018,20.45
15/04/2018,20.45
16/04/2018,20.45
17/04/2018,20.45
18/04/2018,20.45
19/04/2018,20.4
20/04/2018,20.45
21/04/2018,20.45
22/04/2018,20.45
23/04/2018,20.5
24/04/2018,20.5
25/04/2018,20.5
26/04/2018,20.8
27/04/2018,20.8
28/04/2018,20.8
29/04/2018,20.8
30/04/2018,20.8
01/05/2018,20.8
02/05/2018,21.45
03/05/2018,23.3
04/05/2018,22.2
05/05/2018,22.2
06/05/2018,22.2
07/05/2018,22.3
08/05/2018,22.8
09/05/2018,23.1
10/05/2018,23.1
11/05/2018,23.7
12/05/2018,23.7
13/05/2018,23.7
14/05/2018,25.3
15/05/2018,24.5
16/05/2018,24.8
17/05/2018,24.8
18/05/2018,24.9
19/05/2018,24.9
20/05/2018,24.9
21/05/2018,24.8
22/05/2018,24.8
23/05/2018,25
24/05/2018,25.1
25/05/2018,25.1
26/05/2018,25.1
27/05/2018,25.1
28/05/2018,25.2
29/05/2018,25.4
30/05/2018,25.4
31/05/2018,25.4
01/06/2018,25.4
02/06/2018,25.4
03/06/2018,25.4
04/06/2018,25.4
05/06/2018,25.4
06/06/2018,25.4
07/06/2018,25.4
08/06/2018,25.8
09/06/2018,25.8
10/06/2018,25.8
11/06/2018,26.5
12/06/2018,26.3
13/06/2018,26.5
14/06/2018,28.2
15/06/2018,28.8
16/06/2018,28.8
17/06/2018,28.8
18/06/2018,28.5
19/06/2018,28.2
20/06/2018,28.2
21/06/2018,27.9
22/06/2018,27.6
23/06/2018,27.6
24/06/2018,27.6
25/06/2018,27.5
26/06/2018,27.6
27/06/2018,27.9
28/06/2018,28.6
29/06/2018,29.4
30/06/2018,29.4
01/07/2018,29.4
02/07/2018,28.8
03/07/2018,28.3
04/07/2018,28.6
05/07/2018,28.5
06/07/2018,28.6
07/07/2018,28.6
08/07/2018,28.6
09/07/2018,28.6
10/07/2018,28.6
11/07/2018,28.6
12/07/2018,28.6
13/07/2018,28.6
14/07/2018,28.6
15/07/2018,28.6
16/07/2018,28.6
17/07/2018,28.6
18/07/2018,28.6
19/07/2018,28.6
20/07/2018,28.6
21/07/2018,28.6
22/07/2018,28.6
23/07/2018,28.6
24/07/2018,28.6
25/07/2018,28.6
26/07/2018,28.6
27/07/2018,28.6
28/07/2018,28.6
29/07/2018,28.6
30/07/2018,28.6
31/07/2018,28.6
01/08/2018,28.6
02/08/2018,28.6
03/08/2018,28.6
04/08/2018,28.6
05/08/2018,28.6
06/08/2018,28.6
07/08/2018,28.6
08/08/2018,28.1
09/08/2018,28.6
10/08/2018,29.7
11/08/2018,29.7
12/08/2018,29.7
13/08/2018,30.5
14/08/2018,30.1
15/08/2018,30.5
16/08/2018,30.3
17/08/2018,30.3
18/08/2018,30.3
19/08/2018,30.3
20/08/2018,30.3
21/08/2018,30.5
22/08/2018,30.7
23/08/2018,31
24/08/2018,31.4
25/08/2018,31.4
26/08/2018,31.4
27/08/2018,31.4
28/08/2018,31.9
29/08/2018,34.5
30/08/2018,38.2
31/08/2018,37.4
01/09/2018,37.4
02/09/2018,37.4
03/09/2018,38
04/09/2018,39.5
05/09/2018,39
06/09/2018,38
07/09/2018,37.6
08/09/2018,37.6
09/09/2018,37.6
10/09/2018,37.6
11/09/2018,38.5
12/09/2018,38.8
13/09/2018,40.1
14/09/2018,40.4
15/09/2018,40.4
16/09/2018,40.4
17/09/2018,40.2
18/09/2018,40.3
19/09/2018,39.8
20/09/2018,38.8
21/09/2018,37.8
22/09/2018,37.8
23/09/2018,37.8
24/09/2018,37.9
25/09/2018,38.7
26/09/2018,39.2
27/09/2018,40.6
28/09/2018,42.1
29/09/2018,42.1
30/09/2018,42.1
01/10/2018,40.5
02/10/2018,39
03/10/2018,38.6
04/10/2018,39.2
05/10/2018,38.7
06/10/2018,38.7
07/10/2018,38.7
08/10/2018,38.4
09/10/2018,38
10/10/2018,38
11/10/2018,37.5
12/10/2018,37.6
13/10/2018,37.6
14/10/2018,37.6
15/10/2018,37.6
16/10/2018,36.9
17/10/2018,37.1
18/10/2018,37.5
19/10/2018,37.5
20/10/2018,37.5
21/10/2018,37.5
22/10/2018,37.3
23/10/2018,37.5
24/10/2018,37.9
25/10/2018,37.7
26/10/2018,37.8
27/10/2018,37.8
28/10/2018,37.8
29/10/2018,37.8
30/10/2018,37.6
31/10/2018,36.8
01/11/2018,36.6
02/11/2018,36.4
03/11/2018,36.4
04/11/2018,36.4
05/11/2018,36.4
06/11/2018,36.4
07/11/2018,36.6
08/11/2018,36.4
09/11/2018,36.4
10/11/2018,36.4
11/11/2018,36.4
12/11/2018,36.4
13/11/2018,36.9
14/11/2018,36.9
15/11/2018,36.9
16/11/2018,36.9
17/11/2018,36.9
18/11/2018,36.9
19/11/2018,36.9
20/11/2018,37.1
21/11/2018,37.1
22/11/2018,37.4
23/11/2018,38.5
24/11/2018,38.5
25/11/2018,38.5
26/11/2018,39.9
27/11/2018,39.5
28/11/2018,39.4
29/11/2018,38.6
30/11/2018,38.6
01/12/2018,38.6
02/12/2018,38.6
03/12/2018,37.4
04/12/2018,38.3
05/12/2018,38.4
06/12/2018,38.6
07/12/2018,38.3
08/12/2018,38.3
09/12/2018,38.3
10/12/2018,38.6
11/12/2018,38.7
12/12/2018,38.5
13/12/2018,38.7
14/12/2018,39
15/12/2018,39
16/12/2018,39
17/12/2018,39.1
18/12/2018,39.1
19/12/2018,39.2
20/12/2018,39
21/12/2018,38.9
22/12/2018,38.9
23/12/2018,38.9
24/12/2018,38.9
25/12/2018,38.9
26/12/2018,39.5
27/12/2018,39.3
28/12/2018,38.6
29/12/2018,38.6
30/12/2018,38.6
31/12/2018,38.6
01/01/2019,38.6
02/01/2019,38.6
03/01/2019,38.4
04/01/2019,38.3
05/01/2019,38.3
06/01/2019,38.3
07/01/2019,38.3
08/01/2019,38.5
09/01/2019,38.3
10/01/2019,38
11/01/2019,37.8
12/01/2019,37.8
13/01/2019,37.8
14/01/2019,37.9
15/01/2019,38
16/01/2019,38.4
17/01/2019,38.6
18/01/2019,38.5
19/01/2019,38.5
20/01/2019,38.5
21/01/2019,38.6
22/01/2019,38.4
23/01/2019,38.4
24/01/2019,38.3
25/01/2019,38
26/01/2019,38
27/01/2019,38
28/01/2019,38
29/01/2019,38
30/01/2019,38.4
31/01/2019,38.2
01/02/2019,38.1
02/02/2019,38.1
03/02/2019,38.1
04/02/2019,38.1
05/02/2019,38.1
06/02/2019,38.4
07/02/2019,38.7
08/02/2019,38.7
09/02/2019,38.7
10/02/2019,38.7
11/02/2019,38.8
12/02/2019,38.9
13/02/2019,39.1
14/02/2019,39.1
15/02/2019,39.5
16/02/2019,39.5
17/02/2019,39.5
18/02/2019,39.7
19/02/2019,40.2
20/02/2019,40.6
21/02/2019,40.6
22/02/2019,40.1
23/02/2019,40.1
24/02/2019,40.1
25/02/2019,39.9
26/02/2019,39.8
27/02/2019,39.7
28/02/2019,40.1
01/03/2019,40.7
02/03/2019,40.7
03/03/2019,40.7
04/03/2019,40.7
05/03/2019,40.7
06/03/2019,41.6
07/03/2019,43.5
08/03/2019,42.2
09/03/2019,42.2
10/03/2019,42.2
11/03/2019,42.3
12/03/2019,42.5
13/03/2019,42.2
14/03/2019,41.8
15/03/2019,41
16/03/2019,41
17/03/2019,41
18/03/2019,41
19/03/2019,41.5
20/03/2019,41.8
21/03/2019,42
22/03/2019,42.8
23/03/2019,42.8
24/03/2019,42.8
25/03/2019,43
26/03/2019,43.6
27/03/2019,44.9
28/03/2019,44.6
29/03/2019,44.3
30/03/2019,44.3
31/03/2019,44.3
01/04/2019,43.7
02/04/2019,43.7
03/04/2019,43.9
04/04/2019,44.4
05/04/2019,44.9
06/04/2019,44.9
07/04/2019,44.9
08/04/2019,44.7
09/04/2019,44.5
10/04/2019,44
11/04/2019,43.8
12/04/2019,43.2
13/04/2019,43.2
14/04/2019,43.2
15/04/2019,43.2
16/04/2019,43.4
17/04/2019,42.9
18/04/2019,42.9
19/04/2019,42.9
20/04/2019,42.9
21/04/2019,42.9
22/04/2019,43.5
23/04/2019,43.4
24/04/2019,44.9
25/04/2019,45.9
26/04/2019,47
27/04/2019,47
28/04/2019,47
29/04/2019,45.3
30/04/2019,45.2
01/05/2019,45.2
02/05/2019,45.8
03/05/2019,45.4
04/05/2019,45.4
05/05/2019,45.4
06/05/2019,45.7
07/05/2019,46.3
08/05/2019,46.1
09/05/2019,46.3
10/05/2019,45.8
11/05/2019,45.8
12/05/2019,45.8
13/05/2019,46.1
14/05/2019,46
15/05/2019,46
16/05/2019,45.8
17/05/2019,46
18/05/2019,46
19/05/2019,46
20/05/2019,46.2
21/05/2019,45.8
22/05/2019,45.9
23/05/2019,46.1
24/05/2019,45.8
25/05/2019,45.8
26/05/2019,45.8
27/05/2019,45.9
28/05/2019,45.7
29/05/2019,45.4
30/05/2019,45.5
31/05/2019,45.8
01/06/2019,45.8
02/06/2019,45.8
03/06/2019,45.9
04/06/2019,45.7
05/06/2019,45.9
06/06/2019,45.9
07/06/2019,45.9
08/06/2019,45.9
09/06/2019,45.9
10/06/2019,45.9
11/06/2019,45.7
12/06/2019,44.7
13/06/2019,44.4
14/06/2019,45
15/06/2019,45
16/06/2019,45
17/06/2019,45
18/06/2019,44.5
19/06/2019,44.3
20/06/2019,44.3
21/06/2019,43.8
22/06/2019,43.8
23/06/2019,43.8
24/06/2019,43.5
25/06/2019,43.4
26/06/2019,43.7
27/06/2019,43.7
28/06/2019,43.5
29/06/2019,43.5
30/06/2019,43.5
01/07/2019,43.4
02/07/2019,43.2
03/07/2019,43
04/07/2019,42.8
05/07/2019,42.8
06/07/2019,42.8
07/07/2019,42.8
08/07/2019,42.8
09/07/2019,42.8
10/07/2019,42.8
11/07/2019,42.7
12/07/2019,42.6
13/07/2019,42.6
14/07/2019,42.6
15/07/2019,43.4
16/07/2019,43.6
17/07/2019,43.5
18/07/2019,43.5
19/07/2019,43.4
20/07/2019,43.4
21/07/2019,43.4
22/07/2019,43.4
23/07/2019,43.6
24/07/2019,43.9
25/07/2019,44.4
26/07/2019,44.4
27/07/2019,44.4
28/07/2019,44.4
29/07/2019,44.8
30/07/2019,44.9
31/07/2019,44.9
01/08/2019,45.4
02/08/2019,45.6
03/08/2019,45.6
04/08/2019,45.6
05/08/2019,46.4
06/08/2019,46.3
07/08/2019,46.6
08/08/2019,46.2
09/08/2019,46.2
10/08/2019,46.2
11/08/2019,46.2
12/08/2019,55
13/08/2019,58
14/08/2019,63
15/08/2019,59
16/08/2019,57
17/08/2019,57
18/08/2019,57
19/08/2019,57
20/08/2019,57
21/08/2019,57
22/08/2019,57
23/08/2019,57
24/08/2019,57
25/08/2019,57
26/08/2019,57
27/08/2019,58
28/08/2019,60
29/08/2019,60
30/08/2019,61
31/08/2019,61
01/09/2019,61
02/09/2019,57
03/09/2019,57
04/09/2019,57
05/09/2019,57
06/09/2019,57
07/09/2019,57
08/09/2019,57
09/09/2019,57
10/09/2019,57
11/09/2019,57
12/09/2019,57.25
13/09/2019,57.5
14/09/2019,57.5
15/09/2019,57.5
16/09/2019,58
17/09/2019,58.5
18/09/2019,58.5
19/09/2019,58.5
20/09/2019,58.5
21/09/2019,58.5
22/09/2019,58.5
23/09/2019,58.5
24/09/2019,58.5
25/09/2019,58.5
26/09/2019,59
27/09/2019,59
28/09/2019,59
29/09/2019,59
30/09/2019,59
01/10/2019,59.5
02/10/2019,59.5
03/10/2019,59.5
04/10/2019,59.4
05/10/2019,59.4
06/10/2019,59.4
07/10/2019,59.4
08/10/2019,59.4
09/10/2019,59.5
10/10/2019,59.5
11/10/2019,59.5
12/10/2019,59.5
13/10/2019,59.5
14/10/2019,59.5
15/10/2019,59.5
16/10/2019,59.5
17/10/2019,59.5
18/10/2019,60
19/10/2019,60
20/10/2019,60
21/10/2019,60.5
22/10/2019,60.5
23/10/2019,61.5
24/10/2019,62.5
25/10/2019,65
26/10/2019,65
27/10/2019,65
28/10/2019,63.5
29/10/2019,63.5
30/10/2019,63.5
31/10/2019,63.5
01/11/2019,63.5
02/11/2019,63.5
03/11/2019,63.5
04/11/2019,63.5
05/11/2019,63.5
06/11/2019,63.5
07/11/2019,63
08/11/2019,63
09/11/2019,63
10/11/2019,63
11/11/2019,63
12/11/2019,62.75
13/11/2019,62.75
14/11/2019,62.75
15/11/2019,62.5
16/11/2019,62.5
17/11/2019,62.5
18/11/2019,62.5
19/11/2019,62.5
20/11/2019,62.5
21/11/2019,62.5
22/11/2019,62.5
23/11/2019,62.5
24/11/2019,62.5
25/11/2019,62.5
26/11/2019,62.25
27/11/2019,62.25
28/11/2019,62.25
29/11/2019,62.25
30/11/2019,62.25
01/12/2019,62.25
02/12/2019,62.25
03/12/2019,62.25
04/12/2019,62.25
05/12/2019,62.25
06/12/2019,62.25
07/12/2019,62.25
08/12/2019,62.25
09/12/2019,62.5
10/12/2019,62.75
11/12/2019,63
12/12/2019,63
13/12/2019,63
14/12/2019,63
15/12/2019,63
16/12/2019,63
17/12/2019,63
18/12/2019,63
19/12/2019,63
20/12/2019,63
21/12/2019,63
22/12/2019,63
23/12/2019,63
24/12/2019,63
25/12/2019,63
26/12/2019,63
27/12/2019,63
28/12/2019,63
29/12/2019,63
30/12/2019,63
31/12/2019,63
01/01/2020,63
02/01/2020,63
03/01/2020,63
04/01/2020,63
05/01/2020,63
06/01/2020,63
07/01/2020,63
08/01/2020,63
09/01/2020,63
10/01/2020,63
11/01/2020,63
12/01/2020,63
13/01/2020,63
14/01/2020,63
15/01/2020,63
16/01/2020,63
17/01/2020,63
18/01/2020,63
19/01/2020,63
20/01/2020,63
21/01/2020,63
22/01/2020,63
23/01/2020,63
24/01/2020,63
25/01/2020,63
26/01/2020,63
27/01/2020,63
28/01/2020,63
29/01/2020,63
30/01/2020,63
31/01/2020,63
01/02/2020,63
02/02/2020,63
03/02/2020,63
04/02/2020,63
05/02/2020,63
06/02/2020,63
07/02/2020,63
08/02/2020,63
09/02/2020,63
10/02/2020,63
11/02/2020,63.25
12/02/2020,63.25
13/02/2020,63.25
14/02/2020,63.25
15/02/2020,63.25
16/02/2020,63.25
17/02/2020,63.25
18/02/2020,63.25
19/02/2020,63.5
20/02/2020,63.5
21/02/2020,63.5
22/02/2020,63.5
23/02/2020,63.5
24/02/2020,63.5
25/02/2020,63.5
26/02/2020,63.75
27/02/2020,63.75
28/02/2020,64
29/02/2020,64
01/03/2020,64
02/03/2020,64
03/03/2020,64
04/03/2020,64
05/03/2020,64
06/03/2020,64
07/03/2020,64
08/03/2020,64
09/03/2020,64
10/03/2020,64
11/03/2020,64
12/03/2020,64.5
13/03/2020,64.5
14/03/2020,64.5
15/03/2020,64.5
16/03/2020,64.5
17/03/2020,64.5
18/03/2020,65
19/03/2020,65
20/03/2020,65
21/03/2020,65
22/03/2020,65
23/03/2020,65
24/03/2020,65
25/03/2020,65.25
26/03/2020,65.25
27/03/2020,65.5
28/03/2020,65.5
29/03/2020,65.5
30/03/2020,65.75
31/03/2020,65.75
01/04/2020,66
02/04/2020,66
03/04/2020,66
04/04/2020,66
05/04/2020,66
06/04/2020,66.25
07/04/2020,66.5
08/04/2020,66.5
09/04/2020,66.5
10/04/2020,66.5
11/04/2020,66.5
12/04/2020,66.5
13/04/2020,66.75
14/04/2020,66.75
15/04/2020,66.75
16/04/2020,67.25
17/04/2020,67.25
18/04/2020,67.25
19/04/2020,67.25
20/04/2020,67.5
21/04/2020,67.75
22/04/2020,67.75
23/04/2020,67.75
24/04/2020,68.25
25/04/2020,68.25
26/04/2020,68.25
27/04/2020,68.25
28/04/2020,68.5
29/04/2020,68.5
30/04/2020,68.75
01/05/2020,68.75
02/05/2020,68.75
03/05/2020,68.75
04/05/2020,68.75
05/05/2020,68.75
06/05/2020,69.25
07/05/2020,69.25
08/05/2020,69.25
09/05/2020,69.25
10/05/2020,69.25
11/05/2020,69.25
12/05/2020,69.25
13/05/2020,69.75
14/05/2020,69.75
15/05/2020,69.75
16/05/2020,69.75
17/05/2020,69.75
18/05/2020,70
19/05/2020,70
20/05/2020,70
21/05/2020,70
22/05/2020,70.25
23/05/2020,70.25
24/05/2020,70.25
25/05/2020,70.25
26/05/2020,70.25
27/05/2020,70.25
28/05/2020,70.25
29/05/2020,70.5
30/05/2020,70.5
31/05/2020,70.5
01/06/2020,70.5
02/06/2020,70.5
03/06/2020,70.5
04/06/2020,70.75
05/06/2020,70.75
06/06/2020,70.75
07/06/2020,70.75
08/06/2020,70.75
09/06/2020,71.5
10/06/2020,71.5
11/06/2020,71.5
12/06/2020,72
13/06/2020,72
14/06/2020,72
15/06/2020,72
16/06/2020,72.25
17/06/2020,72.25
18/06/2020,72.25
19/06/2020,72.5
20/06/2020,72.5
21/06/2020,72.5
22/06/2020,72.5
23/06/2020,73
24/06/2020,73
25/06/2020,73
26/06/2020,73
27/06/2020,73
28/06/2020,73
29/06/2020,73.5
30/06/2020,73.5
01/07/2020,73.5
02/07/2020,73.75
03/07/2020,74
04/07/2020,74
05/07/2020,74
06/07/2020,74
07/07/2020,74
08/07/2020,74.5
09/07/2020,74.5
10/07/2020,74.5
11/07/2020,74.5
12/07/2020,74.5
13/07/2020,74.5
14/07/2020,75
15/07/2020,75
16/07/2020,75
17/07/2020,75.25
18/07/2020,75.25
19/07/2020,75.25
20/07/2020,75.5
21/07/2020,75.5
22/07/2020,75.5
23/07/2020,75.5
24/07/2020,75.75
25/07/2020,75.75
26/07/2020,75.75
27/07/2020,75.75
28/07/2020,76
29/07/2020,76
30/07/2020,76
31/07/2020,76.25
01/08/2020,76.25
02/08/2020,76.25
03/08/2020,76.5
04/08/2020,76.5
05/08/2020,76.75
06/08/2020,76.75
07/08/2020,76.75
08/08/2020,76.75
09/08/2020,76.75
10/08/2020,77
11/08/2020,77
12/08/2020,77
13/08/2020,77.25
14/08/2020,77.25
15/08/2020,77.25
16/08/2020,77.25
17/08/2020,77.25
18/08/2020,77.5
19/08/2020,77.5
20/08/2020,77.5
21/08/2020,77.5
22/08/2020,77.5
23/08/2020,77.5
24/08/2020,77.75
25/08/2020,77.75
26/08/2020,77.75
27/08/2020,77.75
28/08/2020,78
29/08/2020,78
30/08/2020,78
31/08/2020,78
01/09/2020,78.25
02/09/2020,78.25
03/09/2020,78.25
04/09/2020,78.5
05/09/2020,78.5
06/09/2020,78.5
07/09/2020,78.5
08/09/2020,78.75
09/09/2020,78.75
10/09/2020,79
11/09/2020,79
12/09/2020,79
13/09/2020,79
14/09/2020,79
15/09/2020,79.25
16/09/2020,79.25
17/09/2020,79.25
18/09/2020,79.25
19/09/2020,79.25
20/09/2020,79.25
21/09/2020,79.5
22/09/2020,79.5
23/09/2020,79.5
24/09/2020,79.75
25/09/2020,79.75
26/09/2020,79.75
27/09/2020,79.75
28/09/2020,79.75
29/09/2020,80
30/09/2020,80
01/10/2020,80.25
02/10/2020,81.5
03/10/2020,81.5
04/10/2020,81.5
05/10/2020,81.75
06/10/2020,82
07/10/2020,82
08/10/2020,82
09/10/2020,82
10/10/2020,82
11/10/2020,82
12/10/2020,82
13/10/2020,82.25
14/10/2020,82.25
15/10/2020,82.5
16/10/2020,82.5
17/10/2020,82.5
18/10/2020,82.5
19/10/2020,82.5
20/10/2020,82.75
21/10/2020,83
22/10/2020,83.25
23/10/2020,83.5
24/10/2020,83.5
25/10/2020,83.5
26/10/2020,83.5
27/10/2020,83.5
28/10/2020,83.5
29/10/2020,83.5
30/10/2020,83.5
31/10/2020,83.5
01/11/2020,83.5
02/11/2020,83.75
03/11/2020,84
04/11/2020,84.25
05/11/2020,84.25
06/11/2020,84.25
07/11/2020,84.25
08/11/2020,84.25
09/11/2020,84.25
10/11/2020,84.75
11/11/2020,84.75
12/11/2020,85
13/11/2020,85
14/11/2020,85
15/11/2020,85
16/11/2020,85.25
17/11/2020,85.25
18/11/2020,85.25
19/11/2020,85.5
20/11/2020,85.5
21/11/2020,85.5
22/11/2020,85.5
23/11/2020,85.5
24/11/2020,85.5
25/11/2020,85.75
26/11/2020,86
27/11/2020,86.25
28/11/2020,86.25
29/11/2020,86.25
30/11/2020,86.5
01/12/2020,86.5
02/12/2020,86.5
03/12/2020,86.75
04/12/2020,86.75
05/12/2020,86.75
06/12/2020,86.75
07/12/2020,86.75
08/12/2020,86.75
09/12/2020,87.25
10/12/2020,87.5
11/12/2020,87.5
12/12/2020,87.5
13/12/2020,87.5
14/12/2020,87.5
15/12/2020,87.75
16/12/2020,87.75
17/12/2020,87.75
18/12/2020,88
19/12/2020,88
20/12/2020,88
21/12/2020,88.25
22/12/2020,88.25
23/12/2020,88.5
24/12/2020,88.5
25/12/2020,88.5
26/12/2020,88.5
27/12/2020,88.5
28/12/2020,88.75
29/12/2020,89
30/12/2020,89.25
31/12/2020,89.25
01/01/2021,89.25
02/01/2021,89.25
03/01/2021,89.25
04/01/2021,89.5
05/01/2021,89.75
06/01/2021,89.75
07/01/2021,90
08/01/2021,90
09/01/2021,90
10/01/2021,90
11/01/2021,90.25
12/01/2021,90.5
13/01/2021,90.5
14/01/2021,90.75
15/01/2021,90.75
16/01/2021,90.75
17/01/2021,90.75
18/01/2021,91
19/01/2021,91.25
20/01/2021,91.25
21/01/2021,91.5
22/01/2021,91.75
23/01/2021,91.75
24/01/2021,91.75
25/01/2021,92
26/01/2021,92
27/01/2021,92
28/01/2021,92
29/01/2021,92.25
30/01/2021,92.25
31/01/2021,92.25
01/02/2021,92.5
02/02/2021,92.5
03/02/2021,92.5
04/02/2021,92.75
05/02/2021,93
06/02/2021,93
07/02/2021,93
08/02/2021,93.25
09/02/2021,93.25
10/02/2021,93.25
11/02/2021,93.5
12/02/2021,93.5
13/02/2021,93.5
14/02/2021,93.5
15/02/2021,93.5
16/02/2021,93.5
17/02/2021,93.75
18/02/2021,93.75
19/02/2021,94
20/02/2021,94
21/02/2021,94
22/02/2021,94.25
23/02/2021,94.25
24/02/2021,94.5
25/02/2021,94.5
26/02/2021,94.5
27/02/2021,94.5
28/02/2021,94.5
01/03/2021,94.75
02/03/2021,95
03/03/2021,95
04/03/2021,95
05/03/2021,95
06/03/2021,95
07/03/2021,95
08/03/2021,95.25
09/03/2021,95.5
10/03/2021,95.5
11/03/2021,95.75
12/03/2021,95.75
13/03/2021,95.75
14/03/2021,95.75
15/03/2021,96
16/03/2021,96.25
17/03/2021,96.25
18/03/2021,96.5
19/03/2021,96.5
20/03/2021,96.5
21/03/2021,96.5
22/03/2021,96.75
23/03/2021,97
24/03/2021,97
25/03/2021,97
26/03/2021,97.25
27/03/2021,97.25
28/03/2021,97.25
29/03/2021,97.25
30/03/2021,97.25
31/03/2021,97.5
01/04/2021,97.5
02/04/2021,97.5
03/04/2021,97.5
04/04/2021,97.5
05/04/2021,97.75
06/04/2021,97.75
07/04/2021,98
08/04/2021,98
09/04/2021,98
10/04/2021,98
11/04/2021,98
12/04/2021,98
13/04/2021,98
14/04/2021,98.25
15/04/2021,98.25
16/04/2021,98.25
17/04/2021,98.25
18/04/2021,98.25
19/04/2021,98.25
20/04/2021,98.25
21/04/2021,98.25
22/04/2021,98.25
23/04/2021,98.25
24/04/2021,98.25
25/04/2021,98.25
26/04/2021,98.5
27/04/2021,98.5
28/04/2021,98.5
29/04/2021,98.5
30/04/2021,98.5
01/05/2021,98.5
02/05/2021,98.5
03/05/2021,98.75
04/05/2021,98.75
05/05/2021,98.75
06/05/2021,98.75
07/05/2021,99
08/05/2021,99
09/05/2021,99
10/05/2021,99
11/05/2021,99
12/05/2021,99
13/05/2021,99
14/05/2021,99
15/05/2021,99
16/05/2021,99
17/05/2021,99
18/05/2021,99.25
19/05/2021,99.25
20/05/2021,99.25
21/05/2021,99.5
22/05/2021,99.5
23/05/2021,99.5
24/05/2021,99.5
25/05/2021,99.5
26/05/2021,99.5
27/05/2021,99.75
28/05/2021,99.75
29/05/2021,99.75
30/05/2021,99.75
31/05/2021,99.75
01/06/2021,100
02/06/2021,100
03/06/2021,100
04/06/2021,100
05/06/2021,100
06/06/2021,100
07/06/2021,100
08/06/2021,100
09/06/2021,100
10/06/2021,100
11/06/2021,100
12/06/2021,100
13/06/2021,100
14/06/2021,100.25
15/06/2021,100.25
16/06/2021,100.25
17/06/2021,100.25
18/06/2021,100.25
19/06/2021,100.25
20/06/2021,100.25
21/06/2021,100.25
22/06/2021,100.25
23/06/2021,100.5
24/06/2021,100.5
25/06/2021,100.5
26/06/2021,100.5
27/06/2021,100.5
28/06/2021,100.5
29/06/2021,100.75
30/06/2021,100.75
01/07/2021,100.75
02/07/2021,100.75
03/07/2021,100.75
04/07/2021,100.75
05/07/2021,101
06/07/2021,101
07/07/2021,101
08/07/2021,101
09/07/2021,101
10/07/2021,101
11/07/2021,101
12/07/2021,101
13/07/2021,101.25
14/07/2021,101.25
15/07/2021,101.25
16/07/2021,101.25
17/07/2021,101.25
18/07/2021,101.25
19/07/2021,101.5
20/07/2021,101.5
21/07/2021,101.5
22/07/2021,101.5
23/07/2021,101.5
24/07/2021,101.5
25/07/2021,101.5
26/07/2021,101.5
27/07/2021,101.75
28/07/2021,101.75
29/07/2021,101.75
30/07/2021,101.75
31/07/2021,101.75
01/08/2021,101.75
02/08/2021,101.75
03/08/2021,102
04/08/2021,102
05/08/2021,102
06/08/2021,102
07/08/2021,102
08/08/2021,102
09/08/2021,102
10/08/2021,102
11/08/2021,102
12/08/2021,102
13/08/2021,102.25
14/08/2021,102.25
15/08/2021,102.25
16/08/2021,102.25
17/08/2021,102.25
18/08/2021,102.25
19/08/2021,102.5
20/08/2021,102.5
21/08/2021,102.5
22/08/2021,102.5
23/08/2021,102.5
24/08/2021,102.5
25/08/2021,102.5
26/08/2021,102.75
27/08/2021,102.75
28/08/2021,102.75
29/08/2021,102.75
30/08/2021,102.75
31/08/2021,102.75
01/09/2021,103
02/09/2021,103
03/09/2021,103
04/09/2021,103
05/09/2021,103
06/09/2021,103
07/09/2021,103
08/09/2021,103.25
09/09/2021,103.25
10/09/2021,103.25
11/09/2021,103.25
12/09/2021,103.25
13/09/2021,103.25
14/09/2021,103.25
15/09/2021,103.5
16/09/2021,103.5
17/09/2021,103.5
18/09/2021,103.5
19/09/2021,103.5
20/09/2021,103.75
21/09/2021,103.75
22/09/2021,103.75
23/09/2021,103.75
24/09/2021,103.75
25/09/2021,103.75
26/09/2021,103.75
27/09/2021,103.75
28/09/2021,103.75
29/09/2021,103.75
30/09/2021,104
01/10/2021,104
02/10/2021,104
03/10/2021,104
04/10/2021,104
05/10/2021,104.25
06/10/2021,104.25
07/10/2021,104.25
08/10/2021,104.25
09/10/2021,104.25
10/10/2021,104.25
11/10/2021,104.25
12/10/2021,104.25
13/10/2021,104.25
14/10/2021,104.25
15/10/2021,104.5
16/10/2021,104.5
17/10/2021,104.5
18/10/2021,104.5
19/10/2021,104.75
20/10/2021,104.75
21/10/2021,104.75
22/10/2021,104.75
23/10/2021,104.75
24/10/2021,104.75
25/10/2021,104.75
26/10/2021,104.75
27/10/2021,105
28/10/2021,105
29/10/2021,105
30/10/2021,105
31/10/2021,105
01/11/2021,105
02/11/2021,105
03/11/2021,105
04/11/2021,105.25
05/11/2021,105.25
06/11/2021,105.25
07/11/2021,105.25
08/11/2021,105.25
09/11/2021,105.25
10/11/2021,105.25
11/11/2021,105.25
12/11/2021,105.25
13/11/2021,105.25
14/11/2021,105.25
15/11/2021,105.5
16/11/2021,105.5
17/11/2021,105.5
18/11/2021,105.5
19/11/2021,105.5
20/11/2021,105.5
21/11/2021,105.5
22/11/2021,105.5
23/11/2021,105.75
24/11/2021,105.75
25/11/2021,105.75
26/11/2021,105.75
27/11/2021,105.75
28/11/2021,105.75
29/11/2021,105.75
30/11/2021,106
01/12/2021,106.25
02/12/2021,106.25
03/12/2021,106.25
04/12/2021,106.25
05/12/2021,106.25
06/12/2021,106.25
07/12/2021,106.5
08/12/2021,106.5
09/12/2021,106.75
10/12/2021,106.75
11/12/2021,106.75
12/12/2021,106.75
13/12/2021,106.75
14/12/2021,107
15/12/2021,107
16/12/2021,107
17/12/2021,107
18/12/2021,107
19/12/2021,107
20/12/2021,107
21/12/2021,107
22/12/2021,107.25
23/12/2021,107.25
24/12/2021,107.25
25/12/2021,107.25
26/12/2021,107.25
27/12/2021,107.5
28/12/2021,107.75
29/12/2021,107.75
30/12/2021,107.75
31/12/2021,107.75
01/01/2022,107.75
02/01/2022,107.75
03/01/2022,108
04/01/2022,108
05/01/2022,108
06/01/2022,108.25
07/01/2022,108.5
08/01/2022,108.5
09/01/2022,108.5
10/01/2022,108.5
11/01/2022,108.5
12/01/2022,108.75
13/01/2022,108.75
14/01/2022,108.75
15/01/2022,108.75
16/01/2022,108.75
17/01/2022,109
18/01/2022,109
19/01/2022,109
20/01/2022,109
21/01/2022,109.25
22/01/2022,109.25
23/01/2022,109.25
24/01/2022,109.5
25/01/2022,109.5
26/01/2022,109.5
27/01/2022,110
28/01/2022,110.25
29/01/2022,110.25
30/01/2022,110.25
31/01/2022,110.25
01/02/2022,110.25
02/02/2022,110.25
03/02/2022,110.5
04/02/2022,110.75
05/02/2022,110.75
06/02/2022,110.75
07/02/2022,111
08/02/2022,111
09/02/2022,111
10/02/2022,111.25
11/02/2022,111.25
12/02/2022,111.25
13/02/2022,111.25
14/02/2022,111.75
15/02/2022,112
16/02/2022,112
17/02/2022,112
18/02/2022,112
19/02/2022,112
20/02/2022,112
21/02/2022,112.25
22/02/2022,112.5
23/02/2022,112.5
24/02/2022,112.5
25/02/2022,112.5
26/02/2022,112.5
27/02/2022,112.5
28/02/2022,112.5
01/03/2022,112.5
02/03/2022,113
03/03/2022,113.25
04/03/2022,113.25
05/03/2022,113.25
06/03/2022,113.25
07/03/2022,113.75
08/03/2022,113.75
09/03/2022,114
10/03/2022,114
11/03/2022,114
12/03/2022,114
13/03/2022,114
14/03/2022,114.25
15/03/2022,114.5
16/03/2022,114.5
17/03/2022,114.5
18/03/2022,114.75
19/03/2022,114.75
20/03/2022,114.75
21/03/2022,115
22/03/2022,115.25
23/03/2022,115.5
24/03/2022,115.5
25/03/2022,115.5
26/03/2022,115.5
27/03/2022,115.5
28/03/2022,115.75
29/03/2022,115.75
30/03/2022,116
31/03/2022,116
01/04/2022,116.25
02/04/2022,116.25
03/04/2022,116.25
04/04/2022,116.75
05/04/2022,116.75
06/04/2022,117
07/04/2022,117.25
08/04/2022,117.25
09/04/2022,117.25
10/04/2022,117.25
11/04/2022,117.75
12/04/2022,117.75
13/04/2022,118
14/04/2022,118
15/04/2022,118
16/04/2022,118
17/04/2022,118
18/04/2022,118.5
19/04/2022,118.75
20/04/2022,119
21/04/2022,119.25
22/04/2022,119.5
23/04/2022,119.5
24/04/2022,119.5
25/04/2022,119.5
26/04/2022,119.75
27/04/2022,119.75
28/04/2022,119.75
29/04/2022,120.25
30/04/2022,120.25
01/05/2022,120.25
02/05/2022,120.5
03/05/2022,121
04/05/2022,121.25
05/05/2022,121.25
06/05/2022,121.75
07/05/2022,121.75
08/05/2022,121.75
09/05/2022,121.75
10/05/2022,122
11/05/2022,122.25
12/05/2022,122.5
13/05/2022,123
14/05/2022,123
15/05/2022,123
16/05/2022,123
17/05/2022,123.25
18/05/2022,123.25
19/05/2022,123.5
20/05/2022,123.75
21/05/2022,123.75
22/05/2022,123.75
23/05/2022,124
24/05/2022,124.25
25/05/2022,124.25
26/05/2022,124.25
27/05/2022,124.5
28/05/2022,124.5
29/05/2022,124.5
30/05/2022,125
31/05/2022,125.25
01/06/2022,125.25
02/06/2022,125.5
03/06/2022,126
04/06/2022,126
05/06/2022,126
06/06/2022,126.25
07/06/2022,126.25
08/06/2022,126.5
09/06/2022,126.75
10/06/2022,127
11/06/2022,127
12/06/2022,127
13/06/2022,127.25
14/06/2022,127.5
15/06/2022,127.75
16/06/2022,127.75
17/06/2022,127.75
18/06/2022,127.75
19/06/2022,127.75
20/06/2022,127.75
21/06/2022,128.5
22/06/2022,128.5
23/06/2022,128.75
24/06/2022,128.75
25/06/2022,128.75
26/06/2022,128.75
27/06/2022,129.75
28/06/2022,129.75
29/06/2022,129.75
30/06/2022,130
01/07/2022,130.25
02/07/2022,130.25
03/07/2022,130.25
04/07/2022,131.5
05/07/2022,131.75
06/07/2022,132
07/07/2022,132.25
08/07/2022,133.25
09/07/2022,133.25
10/07/2022,133.25
11/07/2022,134.25
12/07/2022,134.75
13/07/2022,135
14/07/2022,135
15/07/2022,135
16/07/2022,135
17/07/2022,135
18/07/2022,135.25
19/07/2022,135.75
20/07/2022,135.75
21/07/2022,136
22/07/2022,136
23/07/2022,136
24/07/2022,136
25/07/2022,136.75
26/07/2022,137
27/07/2022,137.25
28/07/2022,137.25
29/07/2022,137.25
30/07/2022,137.25
31/07/2022,137.25
01/08/2022,138.25
02/08/2022,138.5
03/08/2022,138.75
04/08/2022,138.75
05/08/2022,138.75
06/08/2022,138.75
07/08/2022,138.75
08/08/2022,139.75
09/08/2022,140
10/08/2022,140
11/08/2022,140
12/08/2022,141
13/08/2022,141
14/08/2022,141
15/08/2022,141
16/08/2022,141.75
17/08/2022,142
18/08/2022,142
19/08/2022,142.25
20/08/2022,142.25
21/08/2022,142.25
22/08/2022,143.5
23/08/2022,143.75
24/08/2022,144
25/08/2022,144
26/08/2022,144.25
27/08/2022,144.25
28/08/2022,144.25
29/08/2022,145
30/08/2022,145
31/08/2022,145
01/09/2022,145
02/09/2022,145
03/09/2022,145
04/09/2022,145
05/09/2022,146
06/09/2022,146.5
07/09/2022,147
08/09/2022,147.5
09/09/2022,147.5
10/09/2022,147.5
11/09/2022,147.5
12/09/2022,148.75
13/09/2022,149
14/09/2022,149
15/09/2022,149
16/09/2022,149
17/09/2022,149
18/09/2022,149
19/09/2022,150
20/09/2022,150.5
21/09/2022,150.75
22/09/2022,151
23/09/2022,151.25
24/09/2022,151.25
25/09/2022,151.25
26/09/2022,152.25
27/09/2022,152.75
28/09/2022,153
29/09/2022,153
30/09/2022,153.25
01/10/2022,153.25
02/10/2022,153.25
03/10/2022,154.25
04/10/2022,155
05/10/2022,155.25
06/10/2022,155.25
07/10/2022,155.25
08/10/2022,155.25
09/10/2022,155.25
10/10/2022,155.25
11/10/2022,157
12/10/2022,157.25
13/10/2022,157.25
14/10/2022,157.25
15/10/2022,157.25
16/10/2022,157.25
17/10/2022,158.75
18/10/2022,159
19/10/2022,159
20/10/2022,159.5
21/10/2022,159.5
22/10/2022,159.5
23/10/2022,159.5
24/10/2022,161
25/10/2022,161.5
26/10/2022,161.5
27/10/2022,161.5
28/10/2022,161.5
29/10/2022,161.5
30/10/2022,161.5
31/10/2022,162.5
01/11/2022,163
02/11/2022,163.5
03/11/2022,164
04/11/2022,164.5
05/11/2022,164.5
06/11/2022,164.5
07/11/2022,165.5
08/11/2022,166
09/11/2022,166.5
10/11/2022,167
11/11/2022,167
12/11/2022,167
13/11/2022,167
14/11/2022,167.5
15/11/2022,168.5
16/11/2022,169
17/11/2022,169.25
18/11/2022,169.25
19/11/2022,169.25
20/11/2022,169.25
21/11/2022,169.25
22/11/2022,170.25
23/11/2022,171.25
24/11/2022,171.75
25/11/2022,171.75
26/11/2022,171.75
27/11/2022,171.75
28/11/2022,172.75
29/11/2022,173.75
30/11/2022,174.25
01/12/2022,174.25
02/12/2022,174.75
03/12/2022,174.75
04/12/2022,174.75
05/12/2022,175.75
06/12/2022,176
07/12/2022,176
08/12/2022,176
09/12/2022,176
10/12/2022,176
11/12/2022,176
12/12/2022,178
13/12/2022,178.5
14/12/2022,178.5
15/12/2022,178.5
16/12/2022,179
17/12/2022,179
18/12/2022,179
19/12/2022,180
20/12/2022,180
21/12/2022,180.5
22/12/2022,180.5
23/12/2022,181
24/12/2022,181
25/12/2022,181
26/12/2022,182.5
27/12/2022,182.5
28/12/2022,183
29/12/2022,183.25
30/12/2022,183.25
31/12/2022,183.25
01/01/2023,183.25
02/01/2023,184.75
03/01/2023,185.75
04/01/2023,185.75
05/01/2023,185.75
06/01/2023,185.75
07/01/2023,185.75
08/01/2023,185.75
09/01/2023,187.25
10/01/2023,187.75
11/01/2023,187.75
12/01/2023,187.75
13/01/2023,187.75
14/01/2023,187.75
15/01/2023,187.75
16/01/2023,189
17/01/2023,189.25
18/01/2023,189.25
19/01/2023,189.25
20/01/2023,189.75
21/01/2023,189.75
22/01/2023,189.75
23/01/2023,191.25
24/01/2023,191.5
25/01/2023,191.5
26/01/2023,192.25
27/01/2023,192.25
28/01/2023,192.25
29/01/2023,192.25
30/01/2023,193.25
31/01/2023,194
01/02/2023,194.5
02/02/2023,194.5
03/02/2023,195
04/02/2023,195
05/02/2023,195
06/02/2023,196
07/02/2023,196.25
08/02/2023,196.25
09/02/2023,196.25
10/02/2023,197.25
11/02/2023,197.25
12/02/2023,197.25
13/02/2023,197.75
14/02/2023,198
15/02/2023,198.25
16/02/2023,198.5
17/02/2023,199.25
18/02/2023,199.25
19/02/2023,199.25
20/02/2023,199.25
21/02/2023,199.25
22/02/2023,200.5
23/02/2023,202
24/02/2023,202.25
25/02/2023,202.25
26/02/2023,202.25
27/02/2023,202.75
28/02/2023,204
